{"type": "FeatureCollection", "name": "desa-kote-peta-dasar", "crs": {"type": "name", "properties": {"name": "urn:ogc:def:crs:OGC:1.3:CRS84"}}, "catatan": "Peta dasar sekitar Desa Kote. Sumber: OpenStreetMap, lisensi ODbL.", "features": [{"type": "Feature", "properties": {"lapisan": "coast"}, "geometry": {"type": "LineString", "coordinates": [[104.46151, -0.26538], [104.46014, -0.26645], [104.45975, -0.26666], [104.45962, -0.26682], [104.45989, -0.26753], [104.46001, -0.268], [104.46077, -0.26847], [104.46085, -0.26872], [104.4609, -0.26877], [104.46107, -0.26879], [104.46135, -0.26904], [104.46144, -0.26916], [104.46144, -0.26934], [104.4616, -0.26946], [104.46173, -0.26938], [104.46181, -0.26924], [104.46197, -0.26915], [104.46223, -0.26919], [104.4624, -0.26912], [104.46224, -0.26904], [104.46219, -0.2689], [104.46252, -0.26782], [104.46226, -0.26707], [104.46227, -0.26627], [104.46248, -0.266], [104.46275, -0.26585], [104.46279, -0.26573], [104.46274, -0.26562], [104.46254, -0.26545], [104.46206, -0.26524], [104.46151, -0.26538]]}}, {"type": "Feature", "properties": {"lapisan": "coast"}, "geometry": {"type": "LineString", "coordinates": [[104.48815, -0.31768], [104.48807, -0.31764], [104.48811, -0.31745], [104.4879, -0.31743], [104.48769, -0.31749], [104.48736, -0.31779], [104.48692, -0.31856], [104.4868, -0.31893], [104.48682, -0.31925], [104.48718, -0.3201], [104.48742, -0.32029], [104.48793, -0.32058], [104.48852, -0.32086], [104.48891, -0.32095], [104.48975, -0.32086], [104.49035, -0.32067], [104.49059, -0.3207], [104.49076, -0.32063], [104.49076, -0.32039], [104.49052, -0.31952], [104.49049, -0.31867], [104.49041, -0.31841], [104.49028, -0.31823], [104.49, -0.318], [104.48937, -0.31769], [104.4891, -0.31763], [104.48862, -0.31761], [104.48815, -0.31768]]}}, {"type": "Feature", "properties": {"lapisan": "coast"}, "geometry": {"type": "LineString", "coordinates": [[104.3869, -0.29855], [104.38732, -0.29857], [104.38767, -0.29874], [104.38787, -0.29922], [104.38787, -0.2996], [104.38819, -0.29962], [104.38835, -0.29981], [104.38845, -0.2998], [104.38894, -0.29954], [104.3893, -0.29943], [104.38976, -0.29904], [104.39002, -0.29912], [104.39029, -0.29937], [104.39068, -0.30017], [104.39084, -0.30059], [104.39089, -0.30088], [104.39083, -0.3015], [104.39102, -0.30173], [104.39105, -0.30188], [104.3908, -0.3021], [104.39078, -0.30225], [104.39118, -0.30236], [104.39125, -0.30254], [104.39127, -0.3029], [104.39143, -0.30308], [104.39139, -0.30315], [104.3913, -0.30317], [104.39069, -0.30318], [104.3906, -0.30323], [104.3906, -0.30336], [104.39066, -0.30354], [104.39074, -0.3036], [104.3911, -0.30346], [104.3915, -0.30344], [104.39177, -0.30347], [104.39197, -0.30361], [104.39216, -0.30413], [104.39215, -0.3043], [104.3919, -0.30472], [104.39184, -0.30498], [104.39196, -0.30601], [104.39212, -0.30637], [104.39245, -0.30657], [104.39266, -0.30664], [104.39305, -0.30664], [104.39399, -0.30635], [104.39492, -0.30587], [104.39512, -0.30583], [104.39552, -0.30586], [104.39575, -0.30581], [104.39609, -0.30538], [104.39635, -0.30486], [104.39648, -0.30476], [104.39664, -0.30472], [104.39685, -0.30475], [104.39701, -0.30481], [104.39715, -0.30493], [104.39747, -0.3057], [104.3976, -0.30588], [104.39777, -0.30602], [104.39858, -0.30642], [104.39874, -0.30655], [104.39885, -0.30679], [104.39888, -0.30706], [104.39897, -0.30714], [104.40035, -0.30728], [104.40066, -0.30744], [104.40113, -0.30788], [104.40143, -0.30794], [104.40196, -0.3079], [104.40204, -0.308], [104.40205, -0.30841], [104.40211, -0.3085], [104.40224, -0.30854], [104.40241, -0.30856], [104.4031, -0.30833], [104.4039, -0.30815], [104.40422, -0.3082], [104.40455, -0.30848], [104.40505, -0.30864], [104.40617, -0.30975], [104.40678, -0.31047], [104.40734, -0.31131], [104.40764, -0.31203], [104.40765, -0.31224], [104.40752, -0.3124], [104.4075, -0.3125], [104.40761, -0.31267], [104.40835, -0.31293], [104.40891, -0.31295], [104.40988, -0.31277], [104.411, -0.31282], [104.41126, -0.31289], [104.41145, -0.31301], [104.41152, -0.31318], [104.41155, -0.31349], [104.41148, -0.31487], [104.41141, -0.3151], [104.41104, -0.31569], [104.41073, -0.31601], [104.41047, -0.31617], [104.41044, -0.31621], [104.41047, -0.31632], [104.41087, -0.31663], [104.41124, -0.31702], [104.41172, -0.31718], [104.41203, -0.31716], [104.41274, -0.3168], [104.41304, -0.31672], [104.41317, -0.31675], [104.41343, -0.31698], [104.41366, -0.31707], [104.41441, -0.31708], [104.41471, -0.31695], [104.41494, -0.31667], [104.4152, -0.3166], [104.4153, -0.31665], [104.41558, -0.31717], [104.41582, -0.31727], [104.41612, -0.31732], [104.41618, -0.31735], [104.4162, -0.31746], [104.41592, -0.31811], [104.41574, -0.31832], [104.41551, -0.31831], [104.41521, -0.31816], [104.41504, -0.31824], [104.4149, -0.31839], [104.41483, -0.31899], [104.41478, -0.31912], [104.41455, -0.31933], [104.41453, -0.31953], [104.41461, -0.31969], [104.41499, -0.32013], [104.41508, -0.32061], [104.41509, -0.32075], [104.41504, -0.32086], [104.41478, -0.32109], [104.41474, -0.32122], [104.41473, -0.32138], [104.41479, -0.32156], [104.41487, -0.32167], [104.41498, -0.32172], [104.4158, -0.32166], [104.41624, -0.32183], [104.41652, -0.32208], [104.41681, -0.32216], [104.41746, -0.322], [104.41779, -0.32201], [104.41804, -0.32219], [104.41819, -0.32249], [104.41839, -0.32273], [104.41869, -0.32289], [104.41924, -0.32306], [104.41983, -0.32367], [104.42026, -0.32399], [104.42042, -0.32401], [104.42048, -0.32397], [104.42083, -0.32344], [104.42122, -0.32319], [104.42248, -0.32271], [104.42304, -0.32234], [104.4236, -0.32208], [104.42378, -0.32205], [104.42411, -0.32209], [104.42453, -0.32229], [104.42469, -0.32243], [104.42476, -0.32258], [104.42479, -0.323], [104.42506, -0.32327], [104.42531, -0.32331], [104.4257, -0.32322], [104.426, -0.32322], [104.42611, -0.3233], [104.42635, -0.32379], [104.42645, -0.32388], [104.42726, -0.32413], [104.42787, -0.32481], [104.42851, -0.32492], [104.42878, -0.32502], [104.43029, -0.32591], [104.43063, -0.32601], [104.43088, -0.32593], [104.43093, -0.32584], [104.43107, -0.32515], [104.4312, -0.32477], [104.43145, -0.32443], [104.43181, -0.32406], [104.43233, -0.32382], [104.4324, -0.32368], [104.43237, -0.32316], [104.43242, -0.32311], [104.43263, -0.32307], [104.4343, -0.32297], [104.43522, -0.323], [104.4357, -0.32311], [104.43661, -0.32345], [104.43729, -0.32363], [104.43746, -0.32356], [104.43777, -0.32308], [104.43794, -0.32293], [104.43804, -0.32286], [104.43823, -0.32284], [104.43862, -0.32311], [104.43883, -0.32318], [104.43966, -0.32306], [104.44017, -0.32312], [104.4409, -0.32342], [104.44249, -0.32418], [104.44328, -0.32437], [104.44357, -0.3243], [104.44366, -0.32394], [104.44391, -0.3238], [104.44424, -0.32386], [104.44429, -0.32392], [104.44429, -0.3242], [104.44433, -0.32424], [104.44446, -0.32425], [104.44457, -0.32419], [104.44481, -0.32399], [104.44481, -0.32387], [104.44469, -0.32363], [104.44477, -0.3235], [104.44487, -0.32346], [104.44526, -0.32348], [104.44583, -0.32364], [104.44612, -0.32366], [104.44679, -0.3235], [104.44713, -0.3236], [104.44989, -0.32504], [104.45002, -0.32492], [104.45028, -0.32432], [104.4505, -0.3241], [104.45081, -0.324], [104.45152, -0.32401], [104.45243, -0.3243], [104.45359, -0.3243], [104.45379, -0.32434], [104.45483, -0.32473], [104.45814, -0.32695], [104.45884, -0.32763], [104.45918, -0.32804], [104.45951, -0.32874], [104.45978, -0.32885], [104.46004, -0.3288], [104.4603, -0.32859], [104.46072, -0.32732], [104.46096, -0.32506], [104.46099, -0.32382], [104.46094, -0.32329], [104.46101, -0.32307], [104.46118, -0.32279], [104.46124, -0.32229], [104.4614, -0.32189], [104.46138, -0.32153], [104.46114, -0.32083], [104.46091, -0.3206], [104.46068, -0.32056], [104.4601, -0.3206], [104.45968, -0.32057], [104.45901, -0.32077], [104.45869, -0.32099], [104.45858, -0.32095], [104.45844, -0.32066], [104.45842, -0.32034], [104.45854, -0.32011], [104.45877, -0.31994], [104.45885, -0.31993], [104.45896, -0.31999], [104.45911, -0.32023], [104.45981, -0.32031], [104.46006, -0.32056], [104.46012, -0.32046], [104.46017, -0.32012], [104.46049, -0.31978], [104.46091, -0.31952], [104.46176, -0.31917], [104.46195, -0.31878], [104.46218, -0.31859], [104.46234, -0.31854], [104.46261, -0.31858], [104.46291, -0.31853], [104.46319, -0.3183], [104.46331, -0.31782], [104.4634, -0.31765], [104.46336, -0.31691], [104.46362, -0.31622], [104.46356, -0.31601], [104.46331, -0.31575], [104.46314, -0.31547], [104.46304, -0.31504], [104.46303, -0.3145], [104.46291, -0.31437], [104.46288, -0.31415], [104.46299, -0.31395], [104.46365, -0.31343], [104.4637, -0.31321], [104.46366, -0.3131], [104.4635, -0.31302], [104.46324, -0.31307], [104.46309, -0.3132], [104.46296, -0.31362], [104.46275, -0.31399], [104.46239, -0.31432], [104.46243, -0.31442], [104.46268, -0.31443], [104.46274, -0.31456], [104.46271, -0.31464], [104.46242, -0.31495], [104.4622, -0.31533], [104.46211, -0.31541], [104.462, -0.31543], [104.46196, -0.31532], [104.46197, -0.31493], [104.46186, -0.31456], [104.46169, -0.31439], [104.46075, -0.31376], [104.4602, -0.31353], [104.45965, -0.31354], [104.45922, -0.3134], [104.45873, -0.31348], [104.4586, -0.31338], [104.45848, -0.31297], [104.4582, -0.31244], [104.45797, -0.31224], [104.45771, -0.31219], [104.45767, -0.31214], [104.45786, -0.31178], [104.45743, -0.31009], [104.45757, -0.30978], [104.45775, -0.30969], [104.45838, -0.30954], [104.45859, -0.30962], [104.45868, -0.30972], [104.45871, -0.30991], [104.45844, -0.31077], [104.45843, -0.31095], [104.45852, -0.31118], [104.45885, -0.31139], [104.45916, -0.31148], [104.45986, -0.31142], [104.4601, -0.31146], [104.46019, -0.31159], [104.46016, -0.31188], [104.46021, -0.31199], [104.46031, -0.3121], [104.46093, -0.31247], [104.46128, -0.31252], [104.46161, -0.31236], [104.46242, -0.31115], [104.46261, -0.31095], [104.46274, -0.31093], [104.46283, -0.31115], [104.463, -0.3112], [104.46317, -0.31133], [104.46372, -0.31197], [104.46426, -0.31234], [104.46477, -0.31287], [104.46506, -0.313], [104.46558, -0.313], [104.46568, -0.31306], [104.46573, -0.31333], [104.46551, -0.31406], [104.46534, -0.31446], [104.46517, -0.31466], [104.46496, -0.31504], [104.46503, -0.31598], [104.46543, -0.31648], [104.46578, -0.31678], [104.46645, -0.31728], [104.46741, -0.31781], [104.46754, -0.31803], [104.4676, -0.31834], [104.4677, -0.31842], [104.46807, -0.3185], [104.46829, -0.31849], [104.46844, -0.31842], [104.46862, -0.31818], [104.469, -0.31693], [104.46909, -0.31685], [104.46933, -0.31679], [104.46947, -0.31685], [104.46959, -0.31697], [104.46999, -0.3183], [104.47015, -0.31861], [104.47003, -0.31906], [104.4705, -0.31932], [104.47085, -0.31958], [104.47092, -0.31951], [104.47211, -0.31952], [104.47257, -0.31943], [104.47288, -0.31916], [104.47313, -0.31844], [104.4734, -0.31804], [104.47378, -0.31778], [104.47414, -0.31776], [104.47435, -0.31794], [104.47485, -0.3188], [104.475, -0.31879], [104.47506, -0.31847], [104.47517, -0.31841], [104.47624, -0.31891], [104.47701, -0.31914], [104.47713, -0.31922], [104.47724, -0.31933], [104.47727, -0.31944], [104.47717, -0.32014], [104.47713, -0.32026], [104.47703, -0.32034], [104.47679, -0.32033], [104.47676, -0.3205], [104.47681, -0.32056], [104.47731, -0.32066], [104.47738, -0.32055], [104.47727, -0.32044], [104.47725, -0.32034], [104.4775, -0.31982], [104.47764, -0.31967], [104.47875, -0.31911], [104.47891, -0.31907], [104.47907, -0.31913], [104.47928, -0.31949], [104.47939, -0.31948], [104.47941, -0.31929], [104.47923, -0.31893], [104.47917, -0.31868], [104.47919, -0.31791], [104.47924, -0.31777], [104.47965, -0.31753], [104.47979, -0.31757], [104.48065, -0.31842], [104.48098, -0.31853], [104.48149, -0.31859], [104.48207, -0.31879], [104.48219, -0.31875], [104.48267, -0.31818], [104.48275, -0.31785], [104.48286, -0.31771], [104.48363, -0.31735], [104.48396, -0.31728], [104.48413, -0.31732], [104.48465, -0.31768], [104.48504, -0.31788], [104.48521, -0.31786], [104.48551, -0.31769], [104.48584, -0.31719], [104.48588, -0.31682], [104.48581, -0.3167], [104.48567, -0.31661], [104.48512, -0.31649], [104.48504, -0.31632], [104.48504, -0.31613], [104.4852, -0.3141], [104.48542, -0.31321], [104.48559, -0.31278], [104.48574, -0.31256], [104.48587, -0.31253], [104.48659, -0.31281], [104.48689, -0.31282], [104.487, -0.31275], [104.48706, -0.31263], [104.48709, -0.31231], [104.48695, -0.31147], [104.48711, -0.31096], [104.48744, -0.31035], [104.48764, -0.3101], [104.48795, -0.30999], [104.48807, -0.31001], [104.48851, -0.31025], [104.48884, -0.31035], [104.48901, -0.3103], [104.48925, -0.30941], [104.48949, -0.30894], [104.4898, -0.30861], [104.49035, -0.3082], [104.49052, -0.30776], [104.49064, -0.30695], [104.49076, -0.30672], [104.4914, -0.30624], [104.4915, -0.30603], [104.49143, -0.30581], [104.49132, -0.30572], [104.49088, -0.30555], [104.49059, -0.30526], [104.49039, -0.30463], [104.49021, -0.30368], [104.4901, -0.30345], [104.48975, -0.30296], [104.48949, -0.30277], [104.48928, -0.30253], [104.48913, -0.30202], [104.48848, -0.30176], [104.48819, -0.30121], [104.4879, -0.30085], [104.48756, -0.30057], [104.48727, -0.30041], [104.48713, -0.30014], [104.48693, -0.29934], [104.48661, -0.29897], [104.48646, -0.2989], [104.48619, -0.29895], [104.48601, -0.29893], [104.48586, -0.29879], [104.4857, -0.29843], [104.48526, -0.29677], [104.48515, -0.29655], [104.48469, -0.29603], [104.48454, -0.29569], [104.4844, -0.29559], [104.48408, -0.29553], [104.48381, -0.29514], [104.48362, -0.29431], [104.4836, -0.294], [104.48372, -0.29386], [104.48396, -0.29374], [104.48397, -0.29369], [104.4839, -0.29361], [104.48336, -0.29347], [104.48313, -0.29302], [104.48304, -0.29225], [104.48305, -0.29168], [104.48285, -0.29006], [104.48289, -0.28878], [104.48307, -0.28767], [104.48321, -0.2872], [104.48309, -0.28539], [104.48312, -0.28366], [104.48316, -0.28351], [104.48334, -0.28339], [104.48333, -0.28329], [104.48307, -0.28312], [104.48205, -0.28221], [104.48196, -0.28168], [104.48189, -0.2816], [104.48144, -0.2816], [104.48149, -0.28203], [104.48131, -0.28219], [104.48111, -0.28222], [104.48084, -0.28218], [104.48051, -0.28201], [104.4803, -0.28178], [104.4801, -0.28134], [104.47987, -0.28106], [104.47962, -0.28063], [104.47917, -0.28031], [104.4781, -0.28008], [104.47793, -0.28], [104.47777, -0.27984], [104.47712, -0.27893], [104.47658, -0.27855], [104.4762, -0.27813], [104.47608, -0.27807], [104.47534, -0.27803], [104.47487, -0.2781], [104.47474, -0.27821], [104.47471, -0.27856], [104.47451, -0.2787], [104.47423, -0.27876], [104.47379, -0.27874], [104.47347, -0.27881], [104.4732, -0.27876], [104.47269, -0.27857], [104.47262, -0.27848], [104.47255, -0.27821], [104.47242, -0.27803], [104.47143, -0.27757], [104.4707, -0.2777], [104.46989, -0.27756], [104.46923, -0.27771], [104.46894, -0.27763], [104.46882, -0.27765], [104.46878, -0.278], [104.46865, -0.2784], [104.46865, -0.27857], [104.46869, -0.2787], [104.46879, -0.27881], [104.46911, -0.27899], [104.46916, -0.27907], [104.46915, -0.27928], [104.46856, -0.28033], [104.46827, -0.28065], [104.46805, -0.2808], [104.46775, -0.28086], [104.46673, -0.28051], [104.46666, -0.28041], [104.46661, -0.28016], [104.46648, -0.28007], [104.46601, -0.28016], [104.46556, -0.28014], [104.46543, -0.28023], [104.46544, -0.28034], [104.46585, -0.28045], [104.46595, -0.28063], [104.46593, -0.28081], [104.4658, -0.28103], [104.46597, -0.2812], [104.46598, -0.2813], [104.46573, -0.28153], [104.46556, -0.28153], [104.46519, -0.28114], [104.46488, -0.28089], [104.46452, -0.28069], [104.46395, -0.2806], [104.46294, -0.28074], [104.46091, -0.28123], [104.45956, -0.28135], [104.45946, -0.28141], [104.45948, -0.28149], [104.4603, -0.28175], [104.46043, -0.28185], [104.46049, -0.28208], [104.46022, -0.28278], [104.46006, -0.28291], [104.45983, -0.28298], [104.45912, -0.28304], [104.4589, -0.2831], [104.45756, -0.28379], [104.45688, -0.28399], [104.45655, -0.284], [104.45637, -0.28395], [104.45627, -0.28377], [104.45618, -0.28322], [104.45604, -0.28307], [104.45545, -0.28304], [104.45445, -0.28332], [104.45433, -0.28327], [104.45421, -0.28308], [104.45411, -0.28305], [104.45368, -0.28321], [104.45354, -0.28319], [104.45346, -0.28316], [104.45332, -0.28292], [104.45308, -0.28282], [104.45279, -0.28295], [104.45265, -0.28321], [104.45262, -0.28342], [104.45243, -0.28362], [104.45112, -0.28392], [104.45058, -0.28399], [104.45026, -0.28418], [104.44989, -0.2843], [104.44949, -0.28419], [104.44903, -0.28386], [104.44895, -0.28364], [104.44897, -0.2835], [104.44914, -0.28322], [104.44911, -0.28315], [104.44893, -0.28314], [104.44861, -0.28331], [104.44844, -0.28334], [104.44754, -0.28313], [104.44726, -0.28317], [104.44678, -0.28362], [104.44613, -0.28404], [104.44594, -0.28404], [104.44567, -0.28382], [104.44546, -0.28388], [104.44496, -0.2844], [104.44483, -0.28466], [104.44482, -0.28506], [104.44493, -0.28544], [104.44489, -0.28568], [104.44472, -0.28581], [104.44367, -0.28627], [104.44322, -0.2864], [104.44292, -0.28641], [104.44266, -0.28636], [104.44245, -0.28621], [104.44225, -0.28574], [104.44213, -0.28557], [104.44185, -0.28535], [104.44142, -0.28533], [104.44034, -0.28544], [104.43956, -0.28561], [104.43932, -0.28576], [104.43864, -0.28645], [104.43657, -0.28773], [104.43561, -0.28821], [104.43319, -0.2891], [104.43027, -0.29027], [104.42891, -0.29068], [104.42807, -0.29087], [104.42748, -0.29095], [104.42706, -0.29089], [104.42676, -0.29053], [104.42611, -0.29036], [104.42588, -0.2902], [104.42569, -0.28993], [104.42553, -0.29009], [104.42538, -0.29012], [104.42513, -0.2901], [104.42449, -0.28986], [104.42429, -0.28975], [104.4233, -0.28894], [104.42288, -0.28843], [104.42256, -0.2884], [104.4223, -0.28829], [104.42211, -0.28788], [104.4211, -0.28767], [104.42104, -0.28758], [104.42097, -0.28724], [104.42085, -0.28717], [104.41993, -0.28721], [104.41942, -0.28708], [104.41924, -0.28694], [104.41897, -0.28659], [104.41885, -0.2865], [104.41843, -0.28648], [104.41727, -0.28662], [104.41601, -0.28684], [104.41563, -0.28683], [104.41529, -0.28667], [104.41516, -0.28666], [104.41367, -0.28689], [104.41306, -0.28676], [104.41228, -0.28692], [104.41192, -0.28691], [104.41173, -0.28686], [104.41165, -0.28678], [104.41147, -0.28638], [104.41126, -0.28625], [104.40905, -0.28573], [104.40899, -0.28567], [104.40898, -0.28557], [104.40912, -0.28518], [104.40912, -0.28485], [104.40889, -0.28421], [104.40856, -0.28395], [104.40856, -0.28349], [104.40848, -0.28325], [104.40818, -0.28294], [104.40794, -0.28241], [104.4078, -0.28176], [104.40785, -0.28115], [104.40761, -0.28102], [104.40731, -0.2807], [104.40692, -0.2807], [104.40671, -0.28059], [104.40648, -0.28038], [104.40612, -0.28046], [104.40554, -0.28012], [104.4053, -0.28011], [104.40519, -0.28018], [104.40514, -0.28032], [104.40508, -0.28136], [104.40502, -0.28157], [104.40471, -0.28211], [104.40465, -0.28233], [104.40463, -0.28286], [104.40473, -0.28322], [104.40469, -0.28342], [104.40459, -0.28354], [104.40239, -0.28535], [104.40117, -0.28622], [104.40078, -0.28645], [104.40038, -0.28655], [104.40024, -0.28643], [104.40021, -0.28623], [104.40009, -0.28602], [104.39986, -0.28597], [104.39969, -0.28604], [104.39965, -0.28622], [104.39984, -0.2866], [104.39985, -0.28677], [104.39977, -0.28689], [104.39941, -0.28709], [104.3991, -0.28721], [104.39885, -0.28722], [104.39878, -0.28717], [104.39871, -0.28694], [104.39865, -0.28687], [104.39854, -0.28685], [104.39827, -0.28697], [104.3982, -0.28743], [104.39809, -0.28752], [104.39757, -0.28767], [104.39688, -0.28781], [104.39614, -0.28785], [104.39519, -0.28776], [104.39498, -0.2877], [104.39473, -0.28749], [104.39466, -0.2872], [104.39475, -0.28687], [104.39472, -0.28647], [104.39466, -0.28637], [104.39439, -0.28629], [104.39433, -0.28615], [104.39434, -0.28571], [104.39439, -0.2855], [104.39485, -0.28509], [104.39488, -0.28497], [104.39479, -0.28483], [104.39447, -0.28463], [104.39418, -0.28461], [104.39382, -0.28478], [104.39311, -0.28535], [104.3929, -0.28566], [104.39285, -0.28591], [104.39337, -0.28702], [104.39347, -0.28717], [104.39358, -0.28724], [104.39383, -0.28734], [104.39416, -0.28739], [104.39426, -0.28746], [104.39431, -0.28771], [104.3941, -0.28838], [104.3939, -0.2887], [104.39366, -0.28894], [104.39331, -0.28919], [104.39286, -0.28948], [104.39227, -0.28977], [104.39154, -0.29003], [104.39136, -0.29013], [104.39104, -0.29045], [104.39082, -0.29079], [104.39065, -0.2912], [104.39041, -0.29271], [104.39015, -0.29383], [104.3897, -0.29517], [104.38943, -0.29572], [104.38882, -0.29652], [104.38862, -0.29696], [104.3884, -0.29726], [104.3881, -0.29738], [104.38775, -0.29739], [104.38709, -0.29756], [104.38655, -0.29761], [104.38641, -0.29766], [104.38629, -0.29778], [104.38612, -0.29812], [104.38615, -0.29842], [104.38648, -0.29863], [104.3869, -0.29855]]}}, {"type": "Feature", "properties": {"lapisan": "coast"}, "geometry": {"type": "LineString", "coordinates": [[104.42734, -0.35021], [104.42715, -0.35047], [104.427, -0.35105], [104.42667, -0.3511], [104.42657, -0.35122], [104.42655, -0.3515], [104.42675, -0.35217], [104.42672, -0.35234], [104.42663, -0.35254], [104.42623, -0.35303], [104.42586, -0.35402], [104.42583, -0.35442], [104.4259, -0.3547], [104.42605, -0.35498], [104.42654, -0.35542], [104.42663, -0.35557], [104.4267, -0.35622], [104.42659, -0.3565], [104.42636, -0.35681], [104.42606, -0.35704], [104.4255, -0.35768], [104.42539, -0.35798], [104.42536, -0.35824], [104.42544, -0.35859], [104.42562, -0.35884], [104.42605, -0.35908], [104.42635, -0.35918], [104.42668, -0.35922], [104.42709, -0.3591], [104.42745, -0.35889], [104.42786, -0.35885], [104.42803, -0.35878], [104.42837, -0.35838], [104.42861, -0.35825], [104.42902, -0.35857], [104.42916, -0.35863], [104.42936, -0.35864], [104.43031, -0.35847], [104.43043, -0.35841], [104.43058, -0.35807], [104.43061, -0.35781], [104.4304, -0.35754], [104.43023, -0.35754], [104.43019, -0.35746], [104.43052, -0.3574], [104.43056, -0.35733], [104.43028, -0.35709], [104.43013, -0.3571], [104.42998, -0.35694], [104.43028, -0.35687], [104.43056, -0.35709], [104.43079, -0.35716], [104.43087, -0.35736], [104.43113, -0.35753], [104.43112, -0.35768], [104.43097, -0.35791], [104.431, -0.35797], [104.43137, -0.358], [104.43185, -0.35785], [104.43238, -0.35755], [104.43292, -0.3571], [104.43333, -0.35654], [104.43341, -0.35637], [104.43343, -0.35615], [104.4334, -0.35601], [104.43319, -0.3557], [104.43298, -0.35521], [104.43296, -0.35494], [104.43311, -0.35455], [104.43312, -0.35431], [104.4331, -0.3539], [104.43291, -0.35342], [104.43274, -0.35326], [104.43217, -0.353], [104.43199, -0.35285], [104.4311, -0.35186], [104.4309, -0.35157], [104.43078, -0.35149], [104.43056, -0.35146], [104.43023, -0.35155], [104.43005, -0.35152], [104.42966, -0.35131], [104.42933, -0.35104], [104.42913, -0.35096], [104.42892, -0.3508], [104.42876, -0.3508], [104.42852, -0.3509], [104.42841, -0.35088], [104.4278, -0.35041], [104.42759, -0.35028], [104.42734, -0.35021]]}}, {"type": "Feature", "properties": {"lapisan": "coast"}, "geometry": {"type": "LineString", "coordinates": [[104.46399, -0.32063], [104.46399, -0.32082], [104.46421, -0.32107], [104.46423, -0.32123], [104.46393, -0.32155], [104.46353, -0.32254], [104.4635, -0.32278], [104.46356, -0.32321], [104.46371, -0.32361], [104.46389, -0.32378], [104.4639, -0.32384], [104.4638, -0.32406], [104.46358, -0.32414], [104.46347, -0.32436], [104.46358, -0.32587], [104.46377, -0.32653], [104.46416, -0.32741], [104.46436, -0.32762], [104.46478, -0.32791], [104.46571, -0.32841], [104.46596, -0.32848], [104.46664, -0.32839], [104.46776, -0.32852], [104.46809, -0.32842], [104.46844, -0.32813], [104.46906, -0.32721], [104.46942, -0.32653], [104.46964, -0.32589], [104.4697, -0.32581], [104.46993, -0.32571], [104.46988, -0.32537], [104.4697, -0.32505], [104.46949, -0.32482], [104.46938, -0.32481], [104.4692, -0.32491], [104.46901, -0.32489], [104.46891, -0.32483], [104.46879, -0.32447], [104.46881, -0.32415], [104.46876, -0.32352], [104.46868, -0.32324], [104.46848, -0.32282], [104.46797, -0.32231], [104.46738, -0.32195], [104.46699, -0.32162], [104.46649, -0.32157], [104.466, -0.32164], [104.46562, -0.32152], [104.46511, -0.32153], [104.46501, -0.32148], [104.4649, -0.32133], [104.46462, -0.32077], [104.46447, -0.32058], [104.4644, -0.32054], [104.46408, -0.32053], [104.46399, -0.32063]]}}, {"type": "Feature", "properties": {"lapisan": "coast"}, "geometry": {"type": "LineString", "coordinates": [[104.42181, -0.35733], [104.42177, -0.35767], [104.42154, -0.3578], [104.4215, -0.35789], [104.42157, -0.35799], [104.42178, -0.35813], [104.42217, -0.35827], [104.42235, -0.35822], [104.42266, -0.35824], [104.42309, -0.35848], [104.42388, -0.3588], [104.42402, -0.35879], [104.42413, -0.35864], [104.42409, -0.3585], [104.42391, -0.35854], [104.42379, -0.35845], [104.42375, -0.35824], [104.42394, -0.35812], [104.42387, -0.35784], [104.42389, -0.35758], [104.42382, -0.35738], [104.42342, -0.35694], [104.42317, -0.35691], [104.42333, -0.35726], [104.42325, -0.35744], [104.42312, -0.35749], [104.42294, -0.35747], [104.42274, -0.35737], [104.4227, -0.35742], [104.42236, -0.35749], [104.42212, -0.35725], [104.42204, -0.35723], [104.42185, -0.35727], [104.42181, -0.35733]]}}, {"type": "Feature", "properties": {"lapisan": "coast"}, "geometry": {"type": "LineString", "coordinates": [[104.50976, -0.33628], [104.50964, -0.33571], [104.50959, -0.33566], [104.50951, -0.33566], [104.50923, -0.33581], [104.50908, -0.33627], [104.50889, -0.33665], [104.50897, -0.33691], [104.50901, -0.33736], [104.50906, -0.33747], [104.50961, -0.33777], [104.51029, -0.33798], [104.51058, -0.33783], [104.51059, -0.33772], [104.51033, -0.33706], [104.51011, -0.3367], [104.50976, -0.33628]]}}, {"type": "Feature", "properties": {"lapisan": "coast"}, "geometry": {"type": "LineString", "coordinates": [[104.51807, -0.35079], [104.51784, -0.35117], [104.51781, -0.35139], [104.51784, -0.35155], [104.51797, -0.35182], [104.51815, -0.35201], [104.5185, -0.35215], [104.51868, -0.3523], [104.51871, -0.35258], [104.51857, -0.35335], [104.5186, -0.35359], [104.51876, -0.35378], [104.51893, -0.35387], [104.51937, -0.35376], [104.51961, -0.35381], [104.51971, -0.3541], [104.5198, -0.35421], [104.52002, -0.35424], [104.5202, -0.35418], [104.52026, -0.35393], [104.52018, -0.35383], [104.51999, -0.35373], [104.51989, -0.35359], [104.51993, -0.35339], [104.52016, -0.35329], [104.52019, -0.35304], [104.51981, -0.35235], [104.51957, -0.35201], [104.5191, -0.35171], [104.51885, -0.35146], [104.51857, -0.35103], [104.51831, -0.35089], [104.51821, -0.35076], [104.51807, -0.35079]]}}, {"type": "Feature", "properties": {"lapisan": "coast"}, "geometry": {"type": "LineString", "coordinates": [[104.45709, -0.26623], [104.4571, -0.26633], [104.4573, -0.26649], [104.45731, -0.26673], [104.45743, -0.26688], [104.45762, -0.26685], [104.45796, -0.26696], [104.45827, -0.26695], [104.45865, -0.26681], [104.45889, -0.26679], [104.45903, -0.26663], [104.45903, -0.26646], [104.45881, -0.26628], [104.45881, -0.26615], [104.45877, -0.26613], [104.45861, -0.26612], [104.45849, -0.26622], [104.45816, -0.26622], [104.45795, -0.2663], [104.45754, -0.26618], [104.45718, -0.26618], [104.45709, -0.26623]]}}, {"type": "Feature", "properties": {"lapisan": "coast"}, "geometry": {"type": "LineString", "coordinates": [[104.50455, -0.25144], [104.50448, -0.2516], [104.50453, -0.25247], [104.50442, -0.25376], [104.50442, -0.25425], [104.5046, -0.25475], [104.50438, -0.25492], [104.50383, -0.25494], [104.50339, -0.25503], [104.50324, -0.25533], [104.50292, -0.25565], [104.50257, -0.25587], [104.50191, -0.25599], [104.50106, -0.25581], [104.50095, -0.25583], [104.50087, -0.25592], [104.5009, -0.25602], [104.50134, -0.25656], [104.50166, -0.25683], [104.5019, -0.25733], [104.50182, -0.25797], [104.50191, -0.25915], [104.50205, -0.25931], [104.50159, -0.26016], [104.50128, -0.26022], [104.50118, -0.26036], [104.50113, -0.26059], [104.50133, -0.26077], [104.50138, -0.2616], [104.50153, -0.26182], [104.50185, -0.26206], [104.50227, -0.26223], [104.50296, -0.2624], [104.50339, -0.26243], [104.50434, -0.26238], [104.50455, -0.26251], [104.50474, -0.26335], [104.50479, -0.2639], [104.50464, -0.26456], [104.50439, -0.26516], [104.50437, -0.26543], [104.50443, -0.26557], [104.50467, -0.26564], [104.50476, -0.26574], [104.50494, -0.26576], [104.50499, -0.26591], [104.50496, -0.26597], [104.50487, -0.26591], [104.50472, -0.26591], [104.50436, -0.26638], [104.50418, -0.26679], [104.50381, -0.26693], [104.50377, -0.26712], [104.50382, -0.26737], [104.50397, -0.26762], [104.50445, -0.26778], [104.50497, -0.26861], [104.50522, -0.26887], [104.50603, -0.26949], [104.50668, -0.26992], [104.50718, -0.27015], [104.50736, -0.27029], [104.50775, -0.27123], [104.50801, -0.27153], [104.50838, -0.27167], [104.50852, -0.27181], [104.50861, -0.27201], [104.50857, -0.27214], [104.5086, -0.27221], [104.50866, -0.27224], [104.50884, -0.27219], [104.50882, -0.27201], [104.50886, -0.2719], [104.50911, -0.27162], [104.50944, -0.27143], [104.51059, -0.27107], [104.51131, -0.27106], [104.51163, -0.27114], [104.51259, -0.2715], [104.51307, -0.27179], [104.51385, -0.27263], [104.5144, -0.2734], [104.5147, -0.27364], [104.51519, -0.27371], [104.51547, -0.27366], [104.51613, -0.2733], [104.51667, -0.27312], [104.51699, -0.27315], [104.51736, -0.27326], [104.51748, -0.27334], [104.51759, -0.27345], [104.51763, -0.27361], [104.51733, -0.27401], [104.51729, -0.27418], [104.51742, -0.27455], [104.51744, -0.27504], [104.51751, -0.27517], [104.5176, -0.27521], [104.51805, -0.2752], [104.51854, -0.27511], [104.51964, -0.2748], [104.51997, -0.27478], [104.52037, -0.27491], [104.52064, -0.27486], [104.52085, -0.27494], [104.52082, -0.27505], [104.5211, -0.27569], [104.52118, -0.27576], [104.52131, -0.27578], [104.52142, -0.27576], [104.52148, -0.27564], [104.52133, -0.27521], [104.52139, -0.27499], [104.52158, -0.27479], [104.52229, -0.2743], [104.52261, -0.27421], [104.52275, -0.27422], [104.52292, -0.27428], [104.52344, -0.27463], [104.52351, -0.27463], [104.52362, -0.27457], [104.52361, -0.27425], [104.52366, -0.27408], [104.52428, -0.27359], [104.52452, -0.27351], [104.52477, -0.27353], [104.52525, -0.27373], [104.5256, -0.27378], [104.52586, -0.27367], [104.52612, -0.27337], [104.52626, -0.27328], [104.52698, -0.27305], [104.52714, -0.27279], [104.52714, -0.27246], [104.52707, -0.27228], [104.52668, -0.27183]]}}, {"type": "Feature", "properties": {"lapisan": "coast"}, "geometry": {"type": "LineString", "coordinates": [[104.53122, -0.26968], [104.53111, -0.2697], [104.53106, -0.26976], [104.53106, -0.26984], [104.53115, -0.26994], [104.53142, -0.2699], [104.53144, -0.26978], [104.53129, -0.26966], [104.53122, -0.26968]]}}, {"type": "Feature", "properties": {"lapisan": "coast"}, "geometry": {"type": "LineString", "coordinates": [[104.50002, -0.26694], [104.4998, -0.26705], [104.49955, -0.26704], [104.49946, -0.26713], [104.49946, -0.26741], [104.49957, -0.26752], [104.49993, -0.26768], [104.50033, -0.26832], [104.50045, -0.26846], [104.50059, -0.26847], [104.5007, -0.26808], [104.50083, -0.26798], [104.50085, -0.26788], [104.50093, -0.26785], [104.50064, -0.26763], [104.5006, -0.26749], [104.50047, -0.26731], [104.50052, -0.26709], [104.50032, -0.26693], [104.50002, -0.26694]]}}, {"type": "Feature", "properties": {"lapisan": "coast"}, "geometry": {"type": "LineString", "coordinates": [[104.49785, -0.26497], [104.49774, -0.26524], [104.49778, -0.26535], [104.49787, -0.26537], [104.49807, -0.26518], [104.498, -0.26501], [104.49785, -0.26497]]}}, {"type": "Feature", "properties": {"lapisan": "coast"}, "geometry": {"type": "LineString", "coordinates": [[104.49761, -0.26585], [104.49745, -0.26581], [104.49733, -0.26585], [104.4973, -0.26595], [104.49737, -0.2661], [104.49728, -0.26628], [104.49729, -0.26671], [104.49719, -0.26699], [104.49721, -0.26731], [104.49736, -0.26743], [104.49762, -0.26736], [104.49774, -0.26709], [104.49824, -0.26688], [104.49835, -0.26675], [104.49813, -0.26593], [104.49798, -0.26585], [104.49761, -0.26585]]}}, {"type": "Feature", "properties": {"lapisan": "coast"}, "geometry": {"type": "LineString", "coordinates": [[104.4931, -0.26681], [104.49283, -0.26729], [104.49284, -0.26767], [104.49293, -0.26795], [104.49314, -0.26828], [104.49334, -0.26842], [104.4937, -0.26845], [104.49395, -0.26827], [104.49401, -0.26792], [104.49399, -0.26749], [104.49381, -0.26715], [104.49364, -0.26696], [104.49337, -0.26684], [104.4931, -0.26681]]}}, {"type": "Feature", "properties": {"lapisan": "coast"}, "geometry": {"type": "LineString", "coordinates": [[104.63559, -0.26745], [104.63418, -0.26704], [104.63237, -0.2662], [104.63151, -0.26644], [104.63203, -0.26753], [104.6325, -0.26831], [104.63252, -0.27017], [104.63265, -0.27142], [104.6328, -0.27221], [104.6336, -0.27292], [104.6345, -0.27294], [104.63546, -0.27258], [104.63656, -0.27182], [104.63729, -0.27092], [104.63767, -0.26985], [104.63757, -0.26867], [104.63701, -0.26809], [104.63649, -0.26764], [104.63559, -0.26745]]}}, {"type": "Feature", "properties": {"lapisan": "coast"}, "geometry": {"type": "LineString", "coordinates": [[104.46937, -0.26625], [104.46915, -0.26634], [104.46888, -0.26629], [104.46842, -0.26648], [104.46856, -0.26667], [104.46855, -0.26686], [104.46836, -0.26701], [104.468, -0.26707], [104.4679, -0.2672], [104.46787, -0.26748], [104.46801, -0.26761], [104.46825, -0.26759], [104.4689, -0.26698], [104.46891, -0.26683], [104.46874, -0.26681], [104.46878, -0.26662], [104.46936, -0.26641], [104.46937, -0.26625]]}}, {"type": "Feature", "properties": {"lapisan": "coast"}, "geometry": {"type": "LineString", "coordinates": [[104.4662, -0.26878], [104.46551, -0.26884], [104.46534, -0.26895], [104.46558, -0.26912], [104.46587, -0.26921], [104.46619, -0.2692], [104.46635, -0.26909], [104.46625, -0.26898], [104.4662, -0.26878]]}}, {"type": "Feature", "properties": {"lapisan": "coast"}, "geometry": {"type": "LineString", "coordinates": [[104.45678, -0.26517], [104.45706, -0.26564], [104.45711, -0.26581], [104.45769, -0.26589], [104.45778, -0.26576], [104.45748, -0.26564], [104.45736, -0.26554], [104.45721, -0.26515], [104.457, -0.26511], [104.45678, -0.26517]]}}, {"type": "Feature", "properties": {"lapisan": "coast"}, "geometry": {"type": "LineString", "coordinates": [[104.45116, -0.26651], [104.45224, -0.26675], [104.45232, -0.26682], [104.45237, -0.26706], [104.4526, -0.26713], [104.45347, -0.26718], [104.45379, -0.26718], [104.4544, -0.26698], [104.45486, -0.26664], [104.45485, -0.26644], [104.45367, -0.26636], [104.45356, -0.26626], [104.45324, -0.26625], [104.4526, -0.26634], [104.45238, -0.26628], [104.45169, -0.26632], [104.45168, -0.26644], [104.45116, -0.26651]]}}, {"type": "Feature", "properties": {"lapisan": "coast"}, "geometry": {"type": "LineString", "coordinates": [[104.49939, -0.32309], [104.49912, -0.32326], [104.49898, -0.32319], [104.4988, -0.32378], [104.49866, -0.324], [104.4987, -0.32424], [104.49891, -0.32475], [104.49906, -0.32495], [104.49919, -0.32504], [104.4995, -0.32496], [104.49965, -0.32406], [104.49978, -0.32383], [104.49966, -0.32337], [104.49971, -0.32312], [104.49949, -0.32306], [104.49939, -0.32309]]}}, {"type": "Feature", "properties": {"lapisan": "coast"}, "geometry": {"type": "LineString", "coordinates": [[104.42001, -0.35707], [104.42008, -0.35739], [104.4203, -0.35739], [104.42031, -0.3572], [104.42024, -0.35706], [104.42014, -0.35696], [104.42001, -0.35707]]}}, {"type": "Feature", "properties": {"lapisan": "coast"}, "geometry": {"type": "LineString", "coordinates": [[104.41828, -0.35739], [104.41841, -0.35769], [104.41859, -0.3579], [104.41906, -0.35808], [104.41921, -0.35793], [104.41891, -0.35747], [104.4186, -0.35735], [104.41842, -0.35734], [104.41828, -0.35739]]}}, {"type": "Feature", "properties": {"lapisan": "coast"}, "geometry": {"type": "LineString", "coordinates": [[104.58744, -0.25737], [104.587, -0.25764], [104.58687, -0.25778], [104.58671, -0.25869], [104.58679, -0.26017], [104.58696, -0.26059], [104.58712, -0.26075], [104.58732, -0.26074], [104.58744, -0.26068], [104.5878, -0.26034], [104.58818, -0.26009], [104.58988, -0.25936], [104.5902, -0.25927], [104.59101, -0.25923], [104.59139, -0.25893], [104.59172, -0.25878], [104.59195, -0.25848], [104.59194, -0.25837], [104.59177, -0.25815], [104.59123, -0.25814], [104.591, -0.25807], [104.5906, -0.25767], [104.59033, -0.25766], [104.59001, -0.25775], [104.58986, -0.2571], [104.58957, -0.25672], [104.58943, -0.25665], [104.58893, -0.25673], [104.58799, -0.25709], [104.58744, -0.25737]]}}, {"type": "Feature", "properties": {"lapisan": "coast"}, "geometry": {"type": "LineString", "coordinates": [[104.53713, -0.26465], [104.53701, -0.26455], [104.53687, -0.26416], [104.53689, -0.2633], [104.53707, -0.26259], [104.53738, -0.26177], [104.53777, -0.26109], [104.5381, -0.26077], [104.53892, -0.26018], [104.5399, -0.25959], [104.54108, -0.25878], [104.54202, -0.2582], [104.54306, -0.25785], [104.54355, -0.25761], [104.54676, -0.2558], [104.54711, -0.25575], [104.5473, -0.25582]]}}, {"type": "Feature", "properties": {"lapisan": "coast"}, "geometry": {"type": "LineString", "coordinates": [[104.53654, -0.26474], [104.53636, -0.26512], [104.5364, -0.26519], [104.53666, -0.26526], [104.53672, -0.26532], [104.53668, -0.26563], [104.53672, -0.26579], [104.5369, -0.26589], [104.53727, -0.26593], [104.53762, -0.2658], [104.53839, -0.26538], [104.53868, -0.26509], [104.53889, -0.26459], [104.53887, -0.26451], [104.53878, -0.26444], [104.53869, -0.26444], [104.53806, -0.26461], [104.53731, -0.2647], [104.53713, -0.26465]]}}, {"type": "Feature", "properties": {"lapisan": "coast"}, "geometry": {"type": "LineString", "coordinates": [[104.53352, -0.26767], [104.5333, -0.26755], [104.5332, -0.2674], [104.53315, -0.26707], [104.53332, -0.26651], [104.53357, -0.26605], [104.53395, -0.26555], [104.53452, -0.26509], [104.53501, -0.26483], [104.53535, -0.26471], [104.53589, -0.26461], [104.53613, -0.26461], [104.53642, -0.26464], [104.53651, -0.26467], [104.53654, -0.26474]]}}, {"type": "Feature", "properties": {"lapisan": "coast"}, "geometry": {"type": "LineString", "coordinates": [[104.52905, -0.26891], [104.53066, -0.26881], [104.53126, -0.26852], [104.53154, -0.26846], [104.53161, -0.26849], [104.5317, -0.26864], [104.53168, -0.26882], [104.53172, -0.26897], [104.53189, -0.26901], [104.53229, -0.26887], [104.53257, -0.26869], [104.53285, -0.26841], [104.53309, -0.26831], [104.53345, -0.26842], [104.53384, -0.26863], [104.53408, -0.26857], [104.53424, -0.26826], [104.53431, -0.26801], [104.53427, -0.26783], [104.53421, -0.26778], [104.53383, -0.26775], [104.53352, -0.26767]]}}, {"type": "Feature", "properties": {"lapisan": "coast"}, "geometry": {"type": "LineString", "coordinates": [[104.52668, -0.27183], [104.52666, -0.27133], [104.52671, -0.27107], [104.52718, -0.27035], [104.52776, -0.26968], [104.52834, -0.26915], [104.52864, -0.26899], [104.52905, -0.26891]]}}, {"type": "Feature", "properties": {"lapisan": "coast"}, "geometry": {"type": "LineString", "coordinates": [[104.4232, -0.38959], [104.42292, -0.38971], [104.42272, -0.38972], [104.42254, -0.38985], [104.42239, -0.39018], [104.42223, -0.39088], [104.42229, -0.39096], [104.42248, -0.39096], [104.4227, -0.3911], [104.42289, -0.3913], [104.42309, -0.39137], [104.42344, -0.39171], [104.42402, -0.39196], [104.42403, -0.39214], [104.42391, -0.39235], [104.4241, -0.39261], [104.42408, -0.39299], [104.42449, -0.39345], [104.42499, -0.39385], [104.42511, -0.39404], [104.42541, -0.39421], [104.426, -0.39472], [104.42625, -0.39482], [104.42678, -0.39476], [104.42691, -0.39506], [104.42698, -0.39548], [104.42712, -0.39571], [104.42712, -0.39599], [104.42721, -0.39637], [104.42719, -0.3969], [104.42714, -0.39698], [104.42684, -0.39698], [104.4264, -0.39663], [104.42614, -0.3965], [104.42608, -0.39583], [104.42586, -0.39556], [104.42566, -0.39515], [104.42547, -0.3949], [104.42469, -0.39423], [104.42439, -0.39388], [104.42427, -0.39383], [104.42372, -0.39329], [104.42317, -0.39311], [104.42298, -0.39296], [104.42237, -0.39264], [104.42211, -0.39229], [104.42195, -0.39185], [104.42238, -0.3914], [104.42227, -0.39136], [104.4219, -0.3918], [104.42138, -0.39219], [104.42062, -0.39256], [104.42048, -0.39267], [104.42043, -0.39315], [104.41954, -0.39468], [104.41901, -0.39549], [104.41777, -0.39686], [104.41687, -0.39771], [104.41633, -0.39832], [104.41601, -0.39848], [104.41565, -0.39876], [104.41522, -0.39921], [104.41438, -0.39964], [104.41367, -0.40021], [104.41276, -0.40106], [104.41249, -0.40118], [104.41225, -0.40118], [104.4118, -0.40146], [104.41123, -0.40157], [104.41093, -0.40158], [104.41075, -0.40181], [104.41062, -0.40186], [104.41014, -0.4019], [104.40975, -0.40206], [104.40965, -0.4023], [104.40933, -0.40232], [104.40901, -0.40269], [104.40877, -0.40281], [104.40862, -0.40308], [104.40833, -0.40314], [104.40803, -0.40341], [104.40789, -0.40363], [104.40772, -0.40378], [104.40754, -0.40371], [104.40663, -0.40367], [104.40651, -0.40385], [104.40645, -0.40418], [104.40627, -0.40434], [104.40621, -0.40455], [104.4059, -0.40454], [104.4056, -0.4044], [104.40451, -0.4043], [104.40393, -0.40392], [104.40386, -0.40397], [104.40388, -0.40409], [104.40404, -0.4043], [104.40407, -0.40461], [104.40399, -0.40466], [104.40361, -0.40465], [104.4034, -0.40447], [104.40309, -0.40447], [104.40276, -0.40493], [104.40274, -0.4065], [104.40263, -0.40699], [104.40254, -0.40725], [104.40207, -0.40776]]}}, {"type": "Feature", "properties": {"lapisan": "coast"}, "geometry": {"type": "LineString", "coordinates": [[104.59316, -0.48181], [104.59376, -0.48107], [104.59431, -0.48048], [104.59501, -0.4799], [104.59523, -0.47952], [104.59564, -0.47897], [104.59596, -0.47879], [104.5961, -0.4788], [104.59623, -0.4789], [104.59642, -0.47862], [104.59651, -0.47859], [104.59662, -0.47876], [104.59677, -0.47883], [104.59742, -0.47857], [104.59749, -0.47837], [104.59747, -0.47787], [104.59741, -0.47765], [104.59727, -0.47743], [104.59721, -0.47714], [104.59693, -0.47678], [104.59686, -0.4765], [104.59673, -0.47642], [104.5965, -0.4764], [104.59642, -0.47642], [104.59635, -0.4766], [104.59625, -0.47655], [104.59626, -0.47613], [104.59633, -0.47577], [104.59661, -0.47519], [104.59714, -0.47324], [104.59774, -0.47188], [104.59882, -0.47011], [104.59945, -0.46866], [104.59962, -0.46854], [104.59986, -0.46851], [104.59998, -0.46853], [104.60031, -0.46873], [104.60051, -0.46857], [104.60047, -0.46823], [104.60055, -0.46815], [104.60079, -0.46804], [104.60114, -0.46809], [104.60127, -0.46795], [104.60101, -0.46734], [104.60098, -0.46686], [104.60051, -0.46659], [104.59993, -0.46598], [104.59977, -0.46593], [104.5997, -0.46596], [104.59951, -0.46621], [104.59923, -0.46607], [104.59889, -0.46609], [104.59865, -0.46628], [104.59843, -0.46595], [104.59834, -0.46565], [104.5983, -0.46457], [104.59816, -0.46408], [104.59823, -0.46389], [104.59821, -0.46384], [104.5981, -0.46382], [104.59788, -0.46385], [104.59779, -0.46378], [104.59777, -0.46368], [104.59779, -0.46337], [104.59788, -0.46326], [104.59818, -0.46333], [104.59828, -0.4633], [104.59841, -0.46287], [104.59821, -0.46207], [104.5981, -0.46204], [104.59787, -0.4622], [104.59761, -0.462], [104.59742, -0.46175], [104.59735, -0.46148], [104.59734, -0.46077], [104.59728, -0.46031], [104.59707, -0.45982], [104.5974, -0.45953], [104.59748, -0.45928], [104.59742, -0.45921], [104.59721, -0.45913], [104.5972, -0.45893], [104.59716, -0.45889], [104.59701, -0.4589], [104.59672, -0.45909], [104.59662, -0.45907], [104.59651, -0.45858], [104.5963, -0.45849], [104.59617, -0.45837], [104.59622, -0.45794], [104.59594, -0.45772], [104.59591, -0.45756], [104.59553, -0.45753], [104.59495, -0.4573], [104.59476, -0.45696], [104.59439, -0.45675], [104.59421, -0.45648], [104.59402, -0.4565], [104.59331, -0.45678], [104.59311, -0.45704], [104.59302, -0.45709], [104.59289, -0.4571], [104.59278, -0.45705], [104.59204, -0.45647], [104.59168, -0.45611], [104.59128, -0.45559], [104.59048, -0.45482], [104.5894, -0.45342], [104.5871, -0.45183], [104.58537, -0.45111], [104.58445, -0.4509], [104.58383, -0.45082], [104.58346, -0.45067], [104.58244, -0.45018], [104.58236, -0.4501], [104.58218, -0.44955], [104.58203, -0.44942], [104.58187, -0.44938], [104.58164, -0.44953], [104.58129, -0.44962], [104.58114, -0.44955], [104.58096, -0.44929], [104.5807, -0.4491], [104.58065, -0.4491], [104.58058, -0.4493], [104.58067, -0.44968], [104.58065, -0.44993], [104.58041, -0.45017], [104.58012, -0.45057], [104.57999, -0.45062], [104.57955, -0.45058], [104.57885, -0.45036], [104.57844, -0.45007], [104.57722, -0.44935], [104.57678, -0.44891], [104.57646, -0.44851], [104.57634, -0.44851], [104.57623, -0.44837], [104.57457, -0.44695], [104.57423, -0.44655], [104.57404, -0.44623], [104.57327, -0.44548], [104.57308, -0.4451], [104.57263, -0.44448], [104.57222, -0.44381], [104.5719, -0.44339], [104.57152, -0.443], [104.57134, -0.44273], [104.57065, -0.44146], [104.57003, -0.44013], [104.56991, -0.43982], [104.56987, -0.43939], [104.56946, -0.43881], [104.56908, -0.43801], [104.56873, -0.43697], [104.56848, -0.43589], [104.56776, -0.43446], [104.56764, -0.4338], [104.56735, -0.433], [104.56743, -0.43273], [104.56741, -0.43248], [104.5671, -0.43205], [104.56697, -0.43126], [104.5669, -0.43044], [104.56665, -0.42991], [104.56647, -0.42928], [104.56617, -0.42751], [104.56614, -0.42675], [104.566, -0.42628], [104.56593, -0.4261], [104.56574, -0.42584], [104.56515, -0.42525], [104.56477, -0.42439], [104.56413, -0.42385], [104.56396, -0.42357], [104.56352, -0.42225], [104.56353, -0.42213], [104.56368, -0.42198], [104.56369, -0.42189], [104.56359, -0.42172], [104.56315, -0.42134], [104.56294, -0.42097], [104.56287, -0.4207], [104.56286, -0.42034], [104.56277, -0.42013], [104.56255, -0.41998], [104.56242, -0.41995], [104.56217, -0.41999], [104.56181, -0.42014], [104.56152, -0.42015], [104.56127, -0.41959], [104.56103, -0.41964], [104.56035, -0.41998], [104.56009, -0.42004], [104.55983, -0.41993], [104.55964, -0.41978], [104.55909, -0.41908], [104.55875, -0.41877], [104.55792, -0.41747], [104.55779, -0.41676], [104.5574, -0.41579], [104.55686, -0.41321], [104.55672, -0.41296], [104.55653, -0.41235], [104.55622, -0.41184], [104.55583, -0.41096], [104.55544, -0.41032], [104.5546, -0.40915], [104.55463, -0.40896], [104.55458, -0.40885], [104.55444, -0.40879], [104.55422, -0.40879], [104.55362, -0.40911], [104.553, -0.40907], [104.55254, -0.40936], [104.55215, -0.40941], [104.55187, -0.40949], [104.55175, -0.40958], [104.55155, -0.40961], [104.55139, -0.4095], [104.55071, -0.40863], [104.55044, -0.40813], [104.55022, -0.40758], [104.54961, -0.40667], [104.54886, -0.40524], [104.54829, -0.40462], [104.54764, -0.4038], [104.5473, -0.40308], [104.54689, -0.40255], [104.54645, -0.40184], [104.54608, -0.40138], [104.54524, -0.4], [104.54467, -0.39929], [104.54419, -0.39844], [104.54359, -0.39759], [104.54274, -0.39655], [104.54142, -0.39433], [104.5411, -0.39362], [104.54085, -0.3929], [104.54063, -0.39265], [104.5406, -0.39249]]}}, {"type": "Feature", "properties": {"lapisan": "coast"}, "geometry": {"type": "LineString", "coordinates": [[104.5406, -0.39249], [104.54069, -0.39234], [104.54051, -0.39177], [104.54014, -0.39092], [104.53992, -0.38996], [104.53982, -0.38886], [104.53985, -0.38855], [104.53968, -0.38782], [104.53957, -0.38703], [104.53944, -0.38529], [104.53924, -0.38431], [104.53909, -0.38259], [104.53894, -0.38167], [104.53859, -0.38074], [104.53842, -0.37822], [104.53849, -0.37519], [104.53866, -0.37439], [104.53886, -0.37373], [104.53875, -0.37323], [104.5388, -0.373], [104.53851, -0.37228], [104.53823, -0.37174], [104.53813, -0.37141], [104.53813, -0.3711], [104.53767, -0.37087], [104.53717, -0.37047], [104.53658, -0.3701], [104.5363, -0.36975], [104.53607, -0.36932], [104.53567, -0.36884], [104.53533, -0.36833], [104.5344, -0.36827], [104.53383, -0.368], [104.5335, -0.36793], [104.53332, -0.36769], [104.53316, -0.36761], [104.53302, -0.36758], [104.53272, -0.36762], [104.53262, -0.36756], [104.53244, -0.36718], [104.53219, -0.36715], [104.5321, -0.36707], [104.53177, -0.36671], [104.531, -0.36565], [104.53083, -0.36548], [104.53011, -0.36489], [104.52971, -0.36481], [104.52936, -0.3646], [104.52845, -0.36368], [104.52812, -0.36345], [104.5279, -0.3634], [104.52759, -0.36312], [104.52732, -0.36319], [104.52711, -0.3634], [104.52698, -0.36345], [104.52648, -0.36342], [104.52629, -0.36347], [104.52621, -0.36375], [104.5261, -0.3639], [104.52565, -0.36399], [104.52542, -0.36393], [104.52504, -0.36362], [104.52485, -0.36356], [104.5245, -0.36354], [104.5242, -0.36374], [104.52407, -0.36368], [104.52303, -0.3626], [104.52295, -0.36209], [104.5228, -0.36181], [104.5229, -0.36154], [104.52286, -0.36148], [104.5227, -0.36153], [104.52243, -0.36174], [104.52226, -0.36172], [104.52213, -0.36185], [104.522, -0.36215], [104.5218, -0.36224], [104.52143, -0.36258], [104.52138, -0.36271], [104.52128, -0.36273], [104.5208, -0.36251], [104.52053, -0.36261], [104.51982, -0.36258], [104.51958, -0.36267], [104.51946, -0.36285], [104.51936, -0.36287], [104.51923, -0.36284], [104.51914, -0.36274], [104.51898, -0.36236], [104.51891, -0.36231], [104.51873, -0.36234], [104.51869, -0.36238], [104.51867, -0.36281], [104.51857, -0.36302], [104.5182, -0.36333], [104.518, -0.36365], [104.51791, -0.36363], [104.51772, -0.36325], [104.51765, -0.36321], [104.51726, -0.36336], [104.51702, -0.36332], [104.51686, -0.36341], [104.51677, -0.36354], [104.51677, -0.36398], [104.51605, -0.36439], [104.51554, -0.36438], [104.51465, -0.36396], [104.5141, -0.36388], [104.513, -0.36386], [104.51236, -0.36397]]}}, {"type": "Feature", "properties": {"lapisan": "coast"}, "geometry": {"type": "LineString", "coordinates": [[104.51236, -0.36397], [104.51175, -0.36386], [104.51154, -0.364], [104.51077, -0.36399], [104.51061, -0.36395], [104.51004, -0.36406], [104.50942, -0.36406], [104.50839, -0.36393], [104.50775, -0.36378], [104.50719, -0.3638], [104.5069, -0.36373], [104.5067, -0.36362], [104.50614, -0.36362], [104.50474, -0.36326], [104.50413, -0.36303], [104.50387, -0.36291], [104.50337, -0.36247], [104.50301, -0.36227], [104.50241, -0.36209], [104.50189, -0.3621], [104.50184, -0.36184], [104.50178, -0.36179], [104.50107, -0.36131], [104.50039, -0.36094], [104.49993, -0.36076], [104.49934, -0.36033], [104.49891, -0.35987], [104.49883, -0.35966], [104.49861, -0.35943], [104.49852, -0.35905], [104.49823, -0.35836], [104.49793, -0.35806], [104.49771, -0.35794], [104.49762, -0.35776], [104.49751, -0.35771], [104.49745, -0.35741], [104.49701, -0.35742], [104.49682, -0.35748], [104.49663, -0.35732], [104.49667, -0.3572], [104.49651, -0.35712], [104.49512, -0.35695], [104.49484, -0.35711], [104.49467, -0.35699], [104.49377, -0.35687], [104.49348, -0.35677], [104.49302, -0.35637], [104.49284, -0.35601], [104.49215, -0.35538], [104.49164, -0.3544], [104.49153, -0.35404], [104.49161, -0.35372], [104.49157, -0.35363], [104.49144, -0.3536], [104.4913, -0.35346], [104.49119, -0.35348], [104.49077, -0.35418], [104.49047, -0.35408], [104.4902, -0.35392], [104.49, -0.35366], [104.48997, -0.35347], [104.49023, -0.35331], [104.49036, -0.3531], [104.49025, -0.35286], [104.49026, -0.35277], [104.4904, -0.35268], [104.49038, -0.35238], [104.49034, -0.35231], [104.49015, -0.35231], [104.49005, -0.35223], [104.49009, -0.35208], [104.49026, -0.35201], [104.49032, -0.35189], [104.49019, -0.3517], [104.49012, -0.35171], [104.49003, -0.35184], [104.48999, -0.35222], [104.48967, -0.35232], [104.48944, -0.35253], [104.48878, -0.35285], [104.48866, -0.35313], [104.48798, -0.35336], [104.48789, -0.35359], [104.48776, -0.35361], [104.48729, -0.35319], [104.48652, -0.35271], [104.48558, -0.35176], [104.48521, -0.35132], [104.48462, -0.35031], [104.48456, -0.34968], [104.48447, -0.34957], [104.4844, -0.34915], [104.48428, -0.34878], [104.48426, -0.34804], [104.48413, -0.34719], [104.48394, -0.34666], [104.4838, -0.34658], [104.48325, -0.34643], [104.48323, -0.34632], [104.48304, -0.34625], [104.48289, -0.34587], [104.48263, -0.3459], [104.48241, -0.34614], [104.48236, -0.34631], [104.4823, -0.34632], [104.4823, -0.34636], [104.48241, -0.34638], [104.48244, -0.34648], [104.48215, -0.34648], [104.48213, -0.34607], [104.48226, -0.34573], [104.48222, -0.34557], [104.48213, -0.34561], [104.48198, -0.34556], [104.48192, -0.34586], [104.48161, -0.34612]]}}, {"type": "Feature", "properties": {"lapisan": "coast"}, "geometry": {"type": "LineString", "coordinates": [[104.48161, -0.34612], [104.4815, -0.34604], [104.48153, -0.34571], [104.48117, -0.34524], [104.48093, -0.34508], [104.48053, -0.34437], [104.48032, -0.3442], [104.48017, -0.34397], [104.4802, -0.34383], [104.48054, -0.3438], [104.4806, -0.34373], [104.48058, -0.3435], [104.48033, -0.34325], [104.4803, -0.34307], [104.48046, -0.34283], [104.48074, -0.34268], [104.48083, -0.34252], [104.48103, -0.34241], [104.48126, -0.34212], [104.48153, -0.34206], [104.48195, -0.3418], [104.48269, -0.34171], [104.48325, -0.34158], [104.48362, -0.34123], [104.48387, -0.34117], [104.484, -0.3407], [104.48399, -0.34036], [104.48413, -0.33987], [104.48413, -0.33955], [104.48426, -0.33929], [104.48417, -0.33894], [104.48401, -0.33865], [104.48331, -0.33848], [104.48315, -0.33829], [104.48283, -0.3377], [104.48244, -0.33737], [104.48199, -0.33646], [104.4821, -0.33606], [104.48188, -0.3361], [104.48179, -0.33628], [104.48162, -0.33634], [104.48077, -0.33599], [104.48051, -0.33603], [104.48034, -0.33611], [104.47979, -0.33608], [104.47957, -0.3363], [104.47934, -0.33622], [104.47929, -0.33593], [104.47916, -0.33581], [104.47879, -0.33591], [104.47845, -0.33578], [104.47813, -0.33551], [104.47785, -0.33545], [104.4777, -0.33566], [104.47738, -0.33577], [104.47698, -0.33624], [104.47649, -0.33648], [104.47592, -0.33693], [104.4753, -0.33734], [104.47471, -0.33794], [104.47433, -0.3382], [104.47378, -0.33839], [104.47291, -0.33891], [104.47262, -0.33888], [104.47221, -0.33895], [104.47202, -0.33907], [104.47193, -0.33934], [104.47174, -0.33948], [104.47105, -0.33947], [104.47101, -0.33972], [104.47086, -0.33978], [104.47066, -0.33981], [104.47052, -0.33967], [104.4703, -0.33958], [104.46994, -0.33963], [104.46989, -0.33969], [104.47002, -0.34007], [104.46971, -0.34054], [104.46951, -0.34068], [104.46916, -0.34081], [104.46896, -0.34102], [104.46877, -0.34101], [104.46847, -0.34111], [104.4678, -0.34092], [104.46748, -0.341], [104.4674, -0.34097], [104.46663, -0.341], [104.46614, -0.34135], [104.46587, -0.34138], [104.46566, -0.34134], [104.46554, -0.3409], [104.46559, -0.34081], [104.46556, -0.34072], [104.46506, -0.34106], [104.46303, -0.34115], [104.4628, -0.34107], [104.46249, -0.34083], [104.46187, -0.3407], [104.46129, -0.34129], [104.46096, -0.34149], [104.46082, -0.34165], [104.46041, -0.3418], [104.4604, -0.34183], [104.46052, -0.34186], [104.46104, -0.34222], [104.46149, -0.34291], [104.46181, -0.34329], [104.46238, -0.34373], [104.4625, -0.34368], [104.46265, -0.3434], [104.46276, -0.34329], [104.46318, -0.34325], [104.46433, -0.34361], [104.46472, -0.34385], [104.46487, -0.34428], [104.46468, -0.3446], [104.46436, -0.34462], [104.46413, -0.34472], [104.46387, -0.34509], [104.4638, -0.34542], [104.46366, -0.34555], [104.46284, -0.34566], [104.46274, -0.34574], [104.46269, -0.34608], [104.46275, -0.34625], [104.46287, -0.34635], [104.46308, -0.34669], [104.46339, -0.34701], [104.46363, -0.34744], [104.46418, -0.3482], [104.46434, -0.34859], [104.46397, -0.34846], [104.46369, -0.34811], [104.4635, -0.34808], [104.46338, -0.34816], [104.46309, -0.348], [104.46301, -0.34793], [104.46305, -0.34783], [104.46297, -0.34746], [104.46277, -0.34746], [104.46266, -0.34715], [104.46239, -0.34696], [104.46193, -0.34698], [104.46161, -0.34708], [104.46074, -0.3472], [104.46056, -0.3473], [104.46037, -0.34767], [104.46019, -0.34777], [104.45986, -0.3478], [104.45972, -0.34775], [104.45955, -0.34763], [104.45964, -0.34642]]}}, {"type": "Feature", "properties": {"lapisan": "coast"}, "geometry": {"type": "LineString", "coordinates": [[104.43378, -0.3576], [104.43333, -0.35801], [104.43313, -0.35808], [104.43232, -0.35871], [104.43246, -0.35923], [104.43275, -0.3594], [104.43305, -0.35967], [104.43309, -0.3599], [104.43306, -0.36], [104.433, -0.36003], [104.43292, -0.35999], [104.43275, -0.35972], [104.43242, -0.35958], [104.4322, -0.35944], [104.43189, -0.35914], [104.43171, -0.35908], [104.43055, -0.35925], [104.43019, -0.35927], [104.42963, -0.35921], [104.42954, -0.35933], [104.42927, -0.35939], [104.42901, -0.35935], [104.42848, -0.35949], [104.42821, -0.35973], [104.42804, -0.35982], [104.42675, -0.3603], [104.42672, -0.36045], [104.42686, -0.36066], [104.42682, -0.36078], [104.42664, -0.36087], [104.42658, -0.36107], [104.42623, -0.36161], [104.42606, -0.36198], [104.42572, -0.36235], [104.42559, -0.3627], [104.42544, -0.3629], [104.42561, -0.36327], [104.42552, -0.36367], [104.42498, -0.36398], [104.42502, -0.36427], [104.42569, -0.3651], [104.42583, -0.36517], [104.42601, -0.36544], [104.42612, -0.36571], [104.42618, -0.36574], [104.42668, -0.36571], [104.42676, -0.3658], [104.42676, -0.36591], [104.42659, -0.36609], [104.42661, -0.36617], [104.42705, -0.36633], [104.42752, -0.36636], [104.42772, -0.36642], [104.42812, -0.36641], [104.42833, -0.36637], [104.42853, -0.36627], [104.42893, -0.36626], [104.42911, -0.36636], [104.42925, -0.36653], [104.42931, -0.36676], [104.42976, -0.36698], [104.43008, -0.36727], [104.4302, -0.36745], [104.43058, -0.36754], [104.43131, -0.36822], [104.43129, -0.36843], [104.43122, -0.36855], [104.43115, -0.36858], [104.43094, -0.36896], [104.43094, -0.36915], [104.43149, -0.36965], [104.43169, -0.36999], [104.43198, -0.37016], [104.43175, -0.37043], [104.43158, -0.3705], [104.4316, -0.37066], [104.43187, -0.37085], [104.43193, -0.371], [104.43193, -0.37139], [104.43199, -0.37175], [104.43194, -0.37184], [104.43184, -0.37184], [104.43175, -0.37205], [104.43221, -0.37255], [104.43233, -0.37282], [104.43235, -0.37304], [104.43219, -0.37324], [104.43203, -0.3733], [104.43191, -0.37345], [104.43185, -0.37389], [104.43184, -0.37433], [104.43195, -0.37466], [104.43193, -0.376], [104.43206, -0.37724], [104.43201, -0.37741], [104.43172, -0.37776], [104.43155, -0.37811], [104.43132, -0.37838], [104.43119, -0.37906], [104.43118, -0.37993], [104.4315, -0.38013], [104.43163, -0.38052], [104.43182, -0.38073], [104.43202, -0.38085], [104.43207, -0.38109], [104.43199, -0.38141], [104.43177, -0.38154], [104.43145, -0.38138], [104.43137, -0.38137], [104.43127, -0.38146], [104.43116, -0.38207], [104.43083, -0.38263], [104.43041, -0.38315], [104.42969, -0.38387], [104.42813, -0.38519], [104.42785, -0.38549], [104.4275, -0.38574], [104.4273, -0.38617], [104.42713, -0.38624], [104.42694, -0.38622], [104.4266, -0.38587], [104.42618, -0.38575], [104.42622, -0.3859], [104.42613, -0.38651], [104.42563, -0.38705], [104.42518, -0.3872], [104.42337, -0.38727], [104.42316, -0.38735], [104.423, -0.38751], [104.423, -0.38765], [104.42305, -0.38783], [104.42332, -0.38822], [104.4233, -0.38867], [104.42311, -0.38928], [104.4232, -0.38959]]}}, {"type": "Feature", "properties": {"lapisan": "coast"}, "geometry": {"type": "LineString", "coordinates": [[104.40207, -0.40776], [104.40145, -0.40737], [104.40122, -0.40733], [104.40094, -0.40738], [104.39997, -0.40785], [104.39973, -0.40789], [104.39935, -0.40811], [104.399, -0.40849], [104.3985, -0.40871], [104.39838, -0.40885], [104.39784, -0.40912], [104.39758, -0.40916], [104.39712, -0.40878], [104.39667, -0.40883], [104.39623, -0.40891], [104.39574, -0.40917], [104.39509, -0.4093], [104.39482, -0.40952], [104.39384, -0.40973], [104.39328, -0.40993], [104.3926, -0.41007], [104.39217, -0.40997], [104.39109, -0.4094], [104.39081, -0.409], [104.39051, -0.40884], [104.39012, -0.40878], [104.38967, -0.40881], [104.38925, -0.40905], [104.38908, -0.40948], [104.38916, -0.41071], [104.3891, -0.41118], [104.38839, -0.41228], [104.38725, -0.41283], [104.38611, -0.41328], [104.38529, -0.41336], [104.38492, -0.41331], [104.38472, -0.41321], [104.38399, -0.41303], [104.38368, -0.41303], [104.38344, -0.41289], [104.38262, -0.41138], [104.38244, -0.41044], [104.38215, -0.4099], [104.38197, -0.40937], [104.38057, -0.40927], [104.38004, -0.40901], [104.37923, -0.4083], [104.379, -0.40802], [104.37888, -0.40775], [104.37919, -0.40723], [104.37937, -0.40651], [104.37929, -0.40606], [104.37897, -0.40592], [104.37784, -0.40527], [104.37754, -0.40504], [104.37726, -0.40507], [104.37708, -0.40549], [104.37699, -0.4056], [104.37684, -0.40571], [104.37669, -0.40574], [104.37634, -0.40562], [104.3762, -0.40531], [104.37565, -0.40508], [104.37522, -0.40517], [104.37508, -0.40513], [104.37482, -0.40486], [104.37493, -0.40453], [104.37493, -0.40419], [104.37483, -0.4038], [104.37463, -0.4038], [104.37459, -0.40394], [104.37449, -0.40405], [104.3745, -0.40486], [104.37429, -0.40504], [104.37409, -0.40544], [104.37352, -0.4055], [104.37334, -0.40534], [104.37317, -0.40534], [104.37288, -0.40589], [104.3726, -0.4062], [104.37254, -0.40668], [104.37227, -0.40685], [104.37103, -0.40711], [104.37085, -0.40694], [104.3705, -0.40682], [104.37021, -0.40662], [104.36978, -0.40663], [104.36942, -0.40672], [104.36858, -0.40703], [104.36842, -0.40714], [104.36669, -0.40771], [104.36583, -0.40784], [104.36546, -0.40795], [104.36475, -0.40802], [104.36384, -0.40801], [104.36368, -0.40788], [104.36302, -0.40794], [104.3628, -0.40779], [104.36255, -0.40771], [104.36186, -0.40719], [104.36113, -0.40712], [104.36042, -0.40661], [104.35963, -0.40643], [104.35924, -0.40628], [104.35888, -0.40597], [104.35834, -0.40586], [104.35834, -0.40543], [104.35742, -0.40415], [104.35686, -0.40408], [104.35647, -0.40385], [104.35639, -0.4029], [104.35646, -0.40266], [104.35649, -0.40205], [104.35633, -0.40187], [104.35619, -0.4019], [104.35604, -0.40218], [104.35584, -0.40223], [104.35522, -0.40217], [104.35412, -0.40176], [104.35398, -0.40162], [104.35389, -0.40146], [104.35386, -0.40122], [104.35391, -0.40097], [104.35388, -0.4004], [104.35396, -0.40018], [104.35384, -0.39993], [104.35391, -0.3996], [104.35416, -0.39936], [104.3542, -0.39896], [104.35408, -0.39874], [104.3539, -0.39861], [104.35316, -0.39837], [104.35284, -0.39822], [104.35246, -0.39818], [104.35217, -0.39797], [104.35217, -0.39783], [104.35204, -0.39766], [104.35173, -0.39742], [104.3513, -0.39727], [104.3508, -0.39689], [104.35012, -0.39595], [104.35012, -0.39573], [104.35039, -0.39516], [104.35052, -0.39451], [104.35094, -0.3941], [104.35127, -0.39408], [104.35129, -0.39358], [104.35107, -0.39299], [104.35066, -0.39295], [104.3505, -0.39283], [104.35033, -0.39246], [104.35024, -0.39203], [104.35008, -0.39158], [104.34975, -0.3912], [104.34974, -0.39096], [104.34981, -0.39089], [104.34976, -0.3905], [104.34947, -0.39005], [104.34879, -0.38985], [104.34822, -0.38952], [104.34813, -0.38941], [104.34812, -0.38923], [104.34836, -0.38897], [104.34839, -0.38862], [104.34824, -0.38819], [104.34795, -0.38781], [104.34778, -0.38734], [104.34737, -0.38693], [104.34732, -0.38695], [104.34739, -0.3871], [104.34734, -0.38722], [104.3472, -0.38727], [104.34702, -0.38725], [104.34697, -0.38738], [104.34698, -0.38762], [104.3471, -0.38794], [104.34694, -0.38834], [104.34692, -0.38863], [104.34703, -0.38891], [104.3471, -0.38971], [104.3472, -0.38995], [104.34731, -0.39007], [104.3473, -0.39026], [104.3471, -0.39048], [104.34696, -0.39093], [104.347, -0.39106], [104.34716, -0.39112], [104.34719, -0.39138], [104.34712, -0.39153], [104.347, -0.39163], [104.34688, -0.39165], [104.34674, -0.39185], [104.34677, -0.39189], [104.3469, -0.39187], [104.34688, -0.39204], [104.34673, -0.39219], [104.3467, -0.39232], [104.34682, -0.39246], [104.34679, -0.39252], [104.3444, -0.39312], [104.34384, -0.3931], [104.34331, -0.39319], [104.34289, -0.39301], [104.34279, -0.39281], [104.34285, -0.39272], [104.34302, -0.39262], [104.34302, -0.39248], [104.34248, -0.3925], [104.34222, -0.39243], [104.34217, -0.39248], [104.34219, -0.39257], [104.34241, -0.393], [104.34232, -0.39328], [104.34205, -0.39366], [104.34135, -0.39408], [104.34131, -0.39415], [104.34136, -0.39435], [104.34127, -0.39448], [104.34106, -0.39441], [104.3408, -0.39459], [104.34077, -0.39491], [104.34122, -0.39556], [104.34127, -0.39601], [104.34143, -0.39666], [104.34203, -0.39782], [104.3424, -0.39881], [104.34231, -0.39963], [104.34251, -0.40175], [104.34254, -0.40344], [104.34288, -0.40432], [104.34324, -0.40491], [104.34348, -0.40573], [104.34363, -0.40669], [104.34387, -0.40735], [104.34403, -0.40761], [104.34443, -0.40789], [104.34485, -0.4081], [104.34544, -0.40815], [104.34563, -0.40886], [104.34629, -0.40958]]}}, {"type": "Feature", "properties": {"lapisan": "coast"}, "geometry": {"type": "LineString", "coordinates": [[104.45964, -0.34642], [104.45996, -0.34629], [104.46035, -0.34599], [104.4606, -0.34603], [104.46064, -0.34598], [104.46052, -0.34559], [104.45979, -0.34482], [104.45973, -0.34463], [104.45861, -0.34367], [104.45833, -0.34356], [104.45817, -0.34356], [104.45808, -0.34348], [104.45815, -0.34313], [104.45804, -0.34304], [104.45767, -0.34301], [104.45727, -0.34327], [104.45731, -0.34345], [104.45706, -0.34351], [104.45663, -0.34344], [104.45644, -0.34334], [104.45624, -0.34305], [104.45583, -0.343], [104.4556, -0.34285], [104.4555, -0.34269], [104.45499, -0.34271], [104.45485, -0.34291], [104.45453, -0.34288], [104.45422, -0.34276], [104.45398, -0.34276], [104.45391, -0.3431], [104.45372, -0.34308], [104.45369, -0.34293], [104.4536, -0.34289], [104.45339, -0.34297], [104.45324, -0.34318], [104.4533, -0.34341], [104.45316, -0.34348], [104.45259, -0.34415], [104.45274, -0.34454], [104.45289, -0.34477], [104.45277, -0.34482], [104.4526, -0.34481], [104.45225, -0.34446], [104.45198, -0.34457], [104.4518, -0.34486], [104.45157, -0.34498], [104.45144, -0.34484], [104.45114, -0.34433], [104.45101, -0.34429], [104.45065, -0.34437], [104.45052, -0.34457], [104.45032, -0.34465], [104.45006, -0.34505], [104.44994, -0.34534], [104.4497, -0.3453], [104.44889, -0.34544], [104.44885, -0.34521], [104.44932, -0.34479], [104.44949, -0.3448], [104.44996, -0.34435], [104.44996, -0.34393], [104.44972, -0.34388], [104.44959, -0.34378], [104.4492, -0.34374], [104.4489, -0.34361], [104.44843, -0.34362], [104.44803, -0.34355], [104.44745, -0.34358], [104.44723, -0.3435], [104.44696, -0.3435], [104.44673, -0.34362], [104.44654, -0.34366], [104.44642, -0.34363], [104.44641, -0.34338], [104.44651, -0.3432], [104.44677, -0.34319], [104.44692, -0.34326], [104.44715, -0.34326], [104.44731, -0.34318], [104.44775, -0.34315], [104.44773, -0.34302], [104.4476, -0.34301], [104.4473, -0.34257], [104.4469, -0.34279], [104.44652, -0.3429], [104.44604, -0.34283], [104.44573, -0.34273], [104.4456, -0.34281], [104.44564, -0.34306], [104.4456, -0.3433], [104.44537, -0.34341], [104.44515, -0.34266], [104.44549, -0.34249], [104.44579, -0.34225], [104.44601, -0.34225], [104.44623, -0.34237], [104.44648, -0.34239], [104.44652, -0.34212], [104.4464, -0.34197], [104.44641, -0.34177], [104.4467, -0.34173], [104.44681, -0.34179], [104.4471, -0.34181], [104.44718, -0.34194], [104.44787, -0.34198], [104.44822, -0.34175], [104.44844, -0.34153], [104.44864, -0.34151], [104.44891, -0.34128], [104.44891, -0.34113], [104.44899, -0.34099], [104.44897, -0.34075], [104.44915, -0.33978], [104.44898, -0.33898], [104.44899, -0.33882], [104.4491, -0.3387], [104.44909, -0.33865], [104.44895, -0.33859], [104.44868, -0.33859], [104.44847, -0.33833], [104.44818, -0.33821], [104.448, -0.33801], [104.44756, -0.33803], [104.44729, -0.33787], [104.44714, -0.33787], [104.4471, -0.33802], [104.44717, -0.33828], [104.44696, -0.33856], [104.44633, -0.33884], [104.4458, -0.33888], [104.44491, -0.33936], [104.44478, -0.33938], [104.44461, -0.33963], [104.44427, -0.33988], [104.44372, -0.34015], [104.44347, -0.3402], [104.44332, -0.34013], [104.44322, -0.33996], [104.4431, -0.33987], [104.44309, -0.33966], [104.44299, -0.33948], [104.44283, -0.33944], [104.44275, -0.3392], [104.44277, -0.33909], [104.44283, -0.33905], [104.44194, -0.33911], [104.44201, -0.33929], [104.44231, -0.33972], [104.44231, -0.33987], [104.44196, -0.34035], [104.44162, -0.3406], [104.44123, -0.34077], [104.44085, -0.34052], [104.44083, -0.34034], [104.44062, -0.34048], [104.44043, -0.34046], [104.44023, -0.34041], [104.43985, -0.34016], [104.43979, -0.34021], [104.43976, -0.34035], [104.43993, -0.34047], [104.43987, -0.34082], [104.4395, -0.34145], [104.43928, -0.34173], [104.43894, -0.34177], [104.43883, -0.34194], [104.43868, -0.34195], [104.43861, -0.34201], [104.43855, -0.34232], [104.43844, -0.34226], [104.43809, -0.34239], [104.43806, -0.3423], [104.43797, -0.34232], [104.43797, -0.34273], [104.4379, -0.34302], [104.43735, -0.34342], [104.43708, -0.34372], [104.43629, -0.34486], [104.43632, -0.34516], [104.43627, -0.34544], [104.4365, -0.34554], [104.43658, -0.34573], [104.43664, -0.34614], [104.43661, -0.3464], [104.43645, -0.34662], [104.4364, -0.34683], [104.43638, -0.34724], [104.43643, -0.34735], [104.43669, -0.34748], [104.4367, -0.34767], [104.43665, -0.34844], [104.43642, -0.349], [104.43662, -0.3492], [104.43663, -0.34935], [104.43702, -0.34949], [104.43737, -0.34953], [104.43743, -0.34968], [104.43728, -0.35003], [104.43715, -0.35015], [104.43675, -0.35034], [104.43637, -0.35064], [104.43651, -0.35112], [104.43661, -0.35127], [104.43657, -0.35141], [104.43632, -0.35184], [104.43552, -0.35273], [104.43531, -0.35282], [104.43518, -0.35277], [104.4348, -0.35295], [104.43452, -0.35301], [104.434, -0.35338], [104.43397, -0.35367], [104.43405, -0.35399], [104.43433, -0.35469], [104.43449, -0.3549], [104.43453, -0.35518], [104.43475, -0.35548], [104.43466, -0.3556], [104.4346, -0.35612], [104.43417, -0.35689], [104.43408, -0.35717], [104.43378, -0.3576]]}}, {"type": "Feature", "properties": {"lapisan": "coast"}, "geometry": {"type": "LineString", "coordinates": [[104.46151, -0.26538], [104.46014, -0.26645], [104.45975, -0.26666], [104.45962, -0.26682], [104.45989, -0.26753], [104.46001, -0.268], [104.46077, -0.26847], [104.46085, -0.26872], [104.4609, -0.26877], [104.46107, -0.26879], [104.46135, -0.26904], [104.46144, -0.26916], [104.46144, -0.26934], [104.4616, -0.26946], [104.46173, -0.26938], [104.46181, -0.26924], [104.46197, -0.26915], [104.46223, -0.26919], [104.4624, -0.26912], [104.46224, -0.26904], [104.46219, -0.2689], [104.46252, -0.26782], [104.46226, -0.26707], [104.46227, -0.26627], [104.46248, -0.266], [104.46275, -0.26585], [104.46279, -0.26573], [104.46274, -0.26562], [104.46254, -0.26545], [104.46206, -0.26524], [104.46151, -0.26538]]}}, {"type": "Feature", "properties": {"lapisan": "coast"}, "geometry": {"type": "LineString", "coordinates": [[104.48815, -0.31768], [104.48807, -0.31764], [104.48811, -0.31745], [104.4879, -0.31743], [104.48769, -0.31749], [104.48736, -0.31779], [104.48692, -0.31856], [104.4868, -0.31893], [104.48682, -0.31925], [104.48718, -0.3201], [104.48742, -0.32029], [104.48793, -0.32058], [104.48852, -0.32086], [104.48891, -0.32095], [104.48975, -0.32086], [104.49035, -0.32067], [104.49059, -0.3207], [104.49076, -0.32063], [104.49076, -0.32039], [104.49052, -0.31952], [104.49049, -0.31867], [104.49041, -0.31841], [104.49028, -0.31823], [104.49, -0.318], [104.48937, -0.31769], [104.4891, -0.31763], [104.48862, -0.31761], [104.48815, -0.31768]]}}, {"type": "Feature", "properties": {"lapisan": "coast"}, "geometry": {"type": "LineString", "coordinates": [[104.3869, -0.29855], [104.38732, -0.29857], [104.38767, -0.29874], [104.38787, -0.29922], [104.38787, -0.2996], [104.38819, -0.29962], [104.38835, -0.29981], [104.38845, -0.2998], [104.38894, -0.29954], [104.3893, -0.29943], [104.38976, -0.29904], [104.39002, -0.29912], [104.39029, -0.29937], [104.39068, -0.30017], [104.39084, -0.30059], [104.39089, -0.30088], [104.39083, -0.3015], [104.39102, -0.30173], [104.39105, -0.30188], [104.3908, -0.3021], [104.39078, -0.30225], [104.39118, -0.30236], [104.39125, -0.30254], [104.39127, -0.3029], [104.39143, -0.30308], [104.39139, -0.30315], [104.3913, -0.30317], [104.39069, -0.30318], [104.3906, -0.30323], [104.3906, -0.30336], [104.39066, -0.30354], [104.39074, -0.3036], [104.3911, -0.30346], [104.3915, -0.30344], [104.39177, -0.30347], [104.39197, -0.30361], [104.39216, -0.30413], [104.39215, -0.3043], [104.3919, -0.30472], [104.39184, -0.30498], [104.39196, -0.30601], [104.39212, -0.30637], [104.39245, -0.30657], [104.39266, -0.30664], [104.39305, -0.30664], [104.39399, -0.30635], [104.39492, -0.30587], [104.39512, -0.30583], [104.39552, -0.30586], [104.39575, -0.30581], [104.39609, -0.30538], [104.39635, -0.30486], [104.39648, -0.30476], [104.39664, -0.30472], [104.39685, -0.30475], [104.39701, -0.30481], [104.39715, -0.30493], [104.39747, -0.3057], [104.3976, -0.30588], [104.39777, -0.30602], [104.39858, -0.30642], [104.39874, -0.30655], [104.39885, -0.30679], [104.39888, -0.30706], [104.39897, -0.30714], [104.40035, -0.30728], [104.40066, -0.30744], [104.40113, -0.30788], [104.40143, -0.30794], [104.40196, -0.3079], [104.40204, -0.308], [104.40205, -0.30841], [104.40211, -0.3085], [104.40224, -0.30854], [104.40241, -0.30856], [104.4031, -0.30833], [104.4039, -0.30815], [104.40422, -0.3082], [104.40455, -0.30848], [104.40505, -0.30864], [104.40617, -0.30975], [104.40678, -0.31047], [104.40734, -0.31131], [104.40764, -0.31203], [104.40765, -0.31224], [104.40752, -0.3124], [104.4075, -0.3125], [104.40761, -0.31267], [104.40835, -0.31293], [104.40891, -0.31295], [104.40988, -0.31277], [104.411, -0.31282], [104.41126, -0.31289], [104.41145, -0.31301], [104.41152, -0.31318], [104.41155, -0.31349], [104.41148, -0.31487], [104.41141, -0.3151], [104.41104, -0.31569], [104.41073, -0.31601], [104.41047, -0.31617], [104.41044, -0.31621], [104.41047, -0.31632], [104.41087, -0.31663], [104.41124, -0.31702], [104.41172, -0.31718], [104.41203, -0.31716], [104.41274, -0.3168], [104.41304, -0.31672], [104.41317, -0.31675], [104.41343, -0.31698], [104.41366, -0.31707], [104.41441, -0.31708], [104.41471, -0.31695], [104.41494, -0.31667], [104.4152, -0.3166], [104.4153, -0.31665], [104.41558, -0.31717], [104.41582, -0.31727], [104.41612, -0.31732], [104.41618, -0.31735], [104.4162, -0.31746], [104.41592, -0.31811], [104.41574, -0.31832], [104.41551, -0.31831], [104.41521, -0.31816], [104.41504, -0.31824], [104.4149, -0.31839], [104.41483, -0.31899], [104.41478, -0.31912], [104.41455, -0.31933], [104.41453, -0.31953], [104.41461, -0.31969], [104.41499, -0.32013], [104.41508, -0.32061], [104.41509, -0.32075], [104.41504, -0.32086], [104.41478, -0.32109], [104.41474, -0.32122], [104.41473, -0.32138], [104.41479, -0.32156], [104.41487, -0.32167], [104.41498, -0.32172], [104.4158, -0.32166], [104.41624, -0.32183], [104.41652, -0.32208], [104.41681, -0.32216], [104.41746, -0.322], [104.41779, -0.32201], [104.41804, -0.32219], [104.41819, -0.32249], [104.41839, -0.32273], [104.41869, -0.32289], [104.41924, -0.32306], [104.41983, -0.32367], [104.42026, -0.32399], [104.42042, -0.32401], [104.42048, -0.32397], [104.42083, -0.32344], [104.42122, -0.32319], [104.42248, -0.32271], [104.42304, -0.32234], [104.4236, -0.32208], [104.42378, -0.32205], [104.42411, -0.32209], [104.42453, -0.32229], [104.42469, -0.32243], [104.42476, -0.32258], [104.42479, -0.323], [104.42506, -0.32327], [104.42531, -0.32331], [104.4257, -0.32322], [104.426, -0.32322], [104.42611, -0.3233], [104.42635, -0.32379], [104.42645, -0.32388], [104.42726, -0.32413], [104.42787, -0.32481], [104.42851, -0.32492], [104.42878, -0.32502], [104.43029, -0.32591], [104.43063, -0.32601], [104.43088, -0.32593], [104.43093, -0.32584], [104.43107, -0.32515], [104.4312, -0.32477], [104.43145, -0.32443], [104.43181, -0.32406], [104.43233, -0.32382], [104.4324, -0.32368], [104.43237, -0.32316], [104.43242, -0.32311], [104.43263, -0.32307], [104.4343, -0.32297], [104.43522, -0.323], [104.4357, -0.32311], [104.43661, -0.32345], [104.43729, -0.32363], [104.43746, -0.32356], [104.43777, -0.32308], [104.43794, -0.32293], [104.43804, -0.32286], [104.43823, -0.32284], [104.43862, -0.32311], [104.43883, -0.32318], [104.43966, -0.32306], [104.44017, -0.32312], [104.4409, -0.32342], [104.44249, -0.32418], [104.44328, -0.32437], [104.44357, -0.3243], [104.44366, -0.32394], [104.44391, -0.3238], [104.44424, -0.32386], [104.44429, -0.32392], [104.44429, -0.3242], [104.44433, -0.32424], [104.44446, -0.32425], [104.44457, -0.32419], [104.44481, -0.32399], [104.44481, -0.32387], [104.44469, -0.32363], [104.44477, -0.3235], [104.44487, -0.32346], [104.44526, -0.32348], [104.44583, -0.32364], [104.44612, -0.32366], [104.44679, -0.3235], [104.44713, -0.3236], [104.44989, -0.32504], [104.45002, -0.32492], [104.45028, -0.32432], [104.4505, -0.3241], [104.45081, -0.324], [104.45152, -0.32401], [104.45243, -0.3243], [104.45359, -0.3243], [104.45379, -0.32434], [104.45483, -0.32473], [104.45814, -0.32695], [104.45884, -0.32763], [104.45918, -0.32804], [104.45951, -0.32874], [104.45978, -0.32885], [104.46004, -0.3288], [104.4603, -0.32859], [104.46072, -0.32732], [104.46096, -0.32506], [104.46099, -0.32382], [104.46094, -0.32329], [104.46101, -0.32307], [104.46118, -0.32279], [104.46124, -0.32229], [104.4614, -0.32189], [104.46138, -0.32153], [104.46114, -0.32083], [104.46091, -0.3206], [104.46068, -0.32056], [104.4601, -0.3206], [104.45968, -0.32057], [104.45901, -0.32077], [104.45869, -0.32099], [104.45858, -0.32095], [104.45844, -0.32066], [104.45842, -0.32034], [104.45854, -0.32011], [104.45877, -0.31994], [104.45885, -0.31993], [104.45896, -0.31999], [104.45911, -0.32023], [104.45981, -0.32031], [104.46006, -0.32056], [104.46012, -0.32046], [104.46017, -0.32012], [104.46049, -0.31978], [104.46091, -0.31952], [104.46176, -0.31917], [104.46195, -0.31878], [104.46218, -0.31859], [104.46234, -0.31854], [104.46261, -0.31858], [104.46291, -0.31853], [104.46319, -0.3183], [104.46331, -0.31782], [104.4634, -0.31765], [104.46336, -0.31691], [104.46362, -0.31622], [104.46356, -0.31601], [104.46331, -0.31575], [104.46314, -0.31547], [104.46304, -0.31504], [104.46303, -0.3145], [104.46291, -0.31437], [104.46288, -0.31415], [104.46299, -0.31395], [104.46365, -0.31343], [104.4637, -0.31321], [104.46366, -0.3131], [104.4635, -0.31302], [104.46324, -0.31307], [104.46309, -0.3132], [104.46296, -0.31362], [104.46275, -0.31399], [104.46239, -0.31432], [104.46243, -0.31442], [104.46268, -0.31443], [104.46274, -0.31456], [104.46271, -0.31464], [104.46242, -0.31495], [104.4622, -0.31533], [104.46211, -0.31541], [104.462, -0.31543], [104.46196, -0.31532], [104.46197, -0.31493], [104.46186, -0.31456], [104.46169, -0.31439], [104.46075, -0.31376], [104.4602, -0.31353], [104.45965, -0.31354], [104.45922, -0.3134], [104.45873, -0.31348], [104.4586, -0.31338], [104.45848, -0.31297], [104.4582, -0.31244], [104.45797, -0.31224], [104.45771, -0.31219], [104.45767, -0.31214], [104.45786, -0.31178], [104.45743, -0.31009], [104.45757, -0.30978], [104.45775, -0.30969], [104.45838, -0.30954], [104.45859, -0.30962], [104.45868, -0.30972], [104.45871, -0.30991], [104.45844, -0.31077], [104.45843, -0.31095], [104.45852, -0.31118], [104.45885, -0.31139], [104.45916, -0.31148], [104.45986, -0.31142], [104.4601, -0.31146], [104.46019, -0.31159], [104.46016, -0.31188], [104.46021, -0.31199], [104.46031, -0.3121], [104.46093, -0.31247], [104.46128, -0.31252], [104.46161, -0.31236], [104.46242, -0.31115], [104.46261, -0.31095], [104.46274, -0.31093], [104.46283, -0.31115], [104.463, -0.3112], [104.46317, -0.31133], [104.46372, -0.31197], [104.46426, -0.31234], [104.46477, -0.31287], [104.46506, -0.313], [104.46558, -0.313], [104.46568, -0.31306], [104.46573, -0.31333], [104.46551, -0.31406], [104.46534, -0.31446], [104.46517, -0.31466], [104.46496, -0.31504], [104.46503, -0.31598], [104.46543, -0.31648], [104.46578, -0.31678], [104.46645, -0.31728], [104.46741, -0.31781], [104.46754, -0.31803], [104.4676, -0.31834], [104.4677, -0.31842], [104.46807, -0.3185], [104.46829, -0.31849], [104.46844, -0.31842], [104.46862, -0.31818], [104.469, -0.31693], [104.46909, -0.31685], [104.46933, -0.31679], [104.46947, -0.31685], [104.46959, -0.31697], [104.46999, -0.3183], [104.47015, -0.31861], [104.47003, -0.31906], [104.4705, -0.31932], [104.47085, -0.31958], [104.47092, -0.31951], [104.47211, -0.31952], [104.47257, -0.31943], [104.47288, -0.31916], [104.47313, -0.31844], [104.4734, -0.31804], [104.47378, -0.31778], [104.47414, -0.31776], [104.47435, -0.31794], [104.47485, -0.3188], [104.475, -0.31879], [104.47506, -0.31847], [104.47517, -0.31841], [104.47624, -0.31891], [104.47701, -0.31914], [104.47713, -0.31922], [104.47724, -0.31933], [104.47727, -0.31944], [104.47717, -0.32014], [104.47713, -0.32026], [104.47703, -0.32034], [104.47679, -0.32033], [104.47676, -0.3205], [104.47681, -0.32056], [104.47731, -0.32066], [104.47738, -0.32055], [104.47727, -0.32044], [104.47725, -0.32034], [104.4775, -0.31982], [104.47764, -0.31967], [104.47875, -0.31911], [104.47891, -0.31907], [104.47907, -0.31913], [104.47928, -0.31949], [104.47939, -0.31948], [104.47941, -0.31929], [104.47923, -0.31893], [104.47917, -0.31868], [104.47919, -0.31791], [104.47924, -0.31777], [104.47965, -0.31753], [104.47979, -0.31757], [104.48065, -0.31842], [104.48098, -0.31853], [104.48149, -0.31859], [104.48207, -0.31879], [104.48219, -0.31875], [104.48267, -0.31818], [104.48275, -0.31785], [104.48286, -0.31771], [104.48363, -0.31735], [104.48396, -0.31728], [104.48413, -0.31732], [104.48465, -0.31768], [104.48504, -0.31788], [104.48521, -0.31786], [104.48551, -0.31769], [104.48584, -0.31719], [104.48588, -0.31682], [104.48581, -0.3167], [104.48567, -0.31661], [104.48512, -0.31649], [104.48504, -0.31632], [104.48504, -0.31613], [104.4852, -0.3141], [104.48542, -0.31321], [104.48559, -0.31278], [104.48574, -0.31256], [104.48587, -0.31253], [104.48659, -0.31281], [104.48689, -0.31282], [104.487, -0.31275], [104.48706, -0.31263], [104.48709, -0.31231], [104.48695, -0.31147], [104.48711, -0.31096], [104.48744, -0.31035], [104.48764, -0.3101], [104.48795, -0.30999], [104.48807, -0.31001], [104.48851, -0.31025], [104.48884, -0.31035], [104.48901, -0.3103], [104.48925, -0.30941], [104.48949, -0.30894], [104.4898, -0.30861], [104.49035, -0.3082], [104.49052, -0.30776], [104.49064, -0.30695], [104.49076, -0.30672], [104.4914, -0.30624], [104.4915, -0.30603], [104.49143, -0.30581], [104.49132, -0.30572], [104.49088, -0.30555], [104.49059, -0.30526], [104.49039, -0.30463], [104.49021, -0.30368], [104.4901, -0.30345], [104.48975, -0.30296], [104.48949, -0.30277], [104.48928, -0.30253], [104.48913, -0.30202], [104.48848, -0.30176], [104.48819, -0.30121], [104.4879, -0.30085], [104.48756, -0.30057], [104.48727, -0.30041], [104.48713, -0.30014], [104.48693, -0.29934], [104.48661, -0.29897], [104.48646, -0.2989], [104.48619, -0.29895], [104.48601, -0.29893], [104.48586, -0.29879], [104.4857, -0.29843], [104.48526, -0.29677], [104.48515, -0.29655], [104.48469, -0.29603], [104.48454, -0.29569], [104.4844, -0.29559], [104.48408, -0.29553], [104.48381, -0.29514], [104.48362, -0.29431], [104.4836, -0.294], [104.48372, -0.29386], [104.48396, -0.29374], [104.48397, -0.29369], [104.4839, -0.29361], [104.48336, -0.29347], [104.48313, -0.29302], [104.48304, -0.29225], [104.48305, -0.29168], [104.48285, -0.29006], [104.48289, -0.28878], [104.48307, -0.28767], [104.48321, -0.2872], [104.48309, -0.28539], [104.48312, -0.28366], [104.48316, -0.28351], [104.48334, -0.28339], [104.48333, -0.28329], [104.48307, -0.28312], [104.48205, -0.28221], [104.48196, -0.28168], [104.48189, -0.2816], [104.48144, -0.2816], [104.48149, -0.28203], [104.48131, -0.28219], [104.48111, -0.28222], [104.48084, -0.28218], [104.48051, -0.28201], [104.4803, -0.28178], [104.4801, -0.28134], [104.47987, -0.28106], [104.47962, -0.28063], [104.47917, -0.28031], [104.4781, -0.28008], [104.47793, -0.28], [104.47777, -0.27984], [104.47712, -0.27893], [104.47658, -0.27855], [104.4762, -0.27813], [104.47608, -0.27807], [104.47534, -0.27803], [104.47487, -0.2781], [104.47474, -0.27821], [104.47471, -0.27856], [104.47451, -0.2787], [104.47423, -0.27876], [104.47379, -0.27874], [104.47347, -0.27881], [104.4732, -0.27876], [104.47269, -0.27857], [104.47262, -0.27848], [104.47255, -0.27821], [104.47242, -0.27803], [104.47143, -0.27757], [104.4707, -0.2777], [104.46989, -0.27756], [104.46923, -0.27771], [104.46894, -0.27763], [104.46882, -0.27765], [104.46878, -0.278], [104.46865, -0.2784], [104.46865, -0.27857], [104.46869, -0.2787], [104.46879, -0.27881], [104.46911, -0.27899], [104.46916, -0.27907], [104.46915, -0.27928], [104.46856, -0.28033], [104.46827, -0.28065], [104.46805, -0.2808], [104.46775, -0.28086], [104.46673, -0.28051], [104.46666, -0.28041], [104.46661, -0.28016], [104.46648, -0.28007], [104.46601, -0.28016], [104.46556, -0.28014], [104.46543, -0.28023], [104.46544, -0.28034], [104.46585, -0.28045], [104.46595, -0.28063], [104.46593, -0.28081], [104.4658, -0.28103], [104.46597, -0.2812], [104.46598, -0.2813], [104.46573, -0.28153], [104.46556, -0.28153], [104.46519, -0.28114], [104.46488, -0.28089], [104.46452, -0.28069], [104.46395, -0.2806], [104.46294, -0.28074], [104.46091, -0.28123], [104.45956, -0.28135], [104.45946, -0.28141], [104.45948, -0.28149], [104.4603, -0.28175], [104.46043, -0.28185], [104.46049, -0.28208], [104.46022, -0.28278], [104.46006, -0.28291], [104.45983, -0.28298], [104.45912, -0.28304], [104.4589, -0.2831], [104.45756, -0.28379], [104.45688, -0.28399], [104.45655, -0.284], [104.45637, -0.28395], [104.45627, -0.28377], [104.45618, -0.28322], [104.45604, -0.28307], [104.45545, -0.28304], [104.45445, -0.28332], [104.45433, -0.28327], [104.45421, -0.28308], [104.45411, -0.28305], [104.45368, -0.28321], [104.45354, -0.28319], [104.45346, -0.28316], [104.45332, -0.28292], [104.45308, -0.28282], [104.45279, -0.28295], [104.45265, -0.28321], [104.45262, -0.28342], [104.45243, -0.28362], [104.45112, -0.28392], [104.45058, -0.28399], [104.45026, -0.28418], [104.44989, -0.2843], [104.44949, -0.28419], [104.44903, -0.28386], [104.44895, -0.28364], [104.44897, -0.2835], [104.44914, -0.28322], [104.44911, -0.28315], [104.44893, -0.28314], [104.44861, -0.28331], [104.44844, -0.28334], [104.44754, -0.28313], [104.44726, -0.28317], [104.44678, -0.28362], [104.44613, -0.28404], [104.44594, -0.28404], [104.44567, -0.28382], [104.44546, -0.28388], [104.44496, -0.2844], [104.44483, -0.28466], [104.44482, -0.28506], [104.44493, -0.28544], [104.44489, -0.28568], [104.44472, -0.28581], [104.44367, -0.28627], [104.44322, -0.2864], [104.44292, -0.28641], [104.44266, -0.28636], [104.44245, -0.28621], [104.44225, -0.28574], [104.44213, -0.28557], [104.44185, -0.28535], [104.44142, -0.28533], [104.44034, -0.28544], [104.43956, -0.28561], [104.43932, -0.28576], [104.43864, -0.28645], [104.43657, -0.28773], [104.43561, -0.28821], [104.43319, -0.2891], [104.43027, -0.29027], [104.42891, -0.29068], [104.42807, -0.29087], [104.42748, -0.29095], [104.42706, -0.29089], [104.42676, -0.29053], [104.42611, -0.29036], [104.42588, -0.2902], [104.42569, -0.28993], [104.42553, -0.29009], [104.42538, -0.29012], [104.42513, -0.2901], [104.42449, -0.28986], [104.42429, -0.28975], [104.4233, -0.28894], [104.42288, -0.28843], [104.42256, -0.2884], [104.4223, -0.28829], [104.42211, -0.28788], [104.4211, -0.28767], [104.42104, -0.28758], [104.42097, -0.28724], [104.42085, -0.28717], [104.41993, -0.28721], [104.41942, -0.28708], [104.41924, -0.28694], [104.41897, -0.28659], [104.41885, -0.2865], [104.41843, -0.28648], [104.41727, -0.28662], [104.41601, -0.28684], [104.41563, -0.28683], [104.41529, -0.28667], [104.41516, -0.28666], [104.41367, -0.28689], [104.41306, -0.28676], [104.41228, -0.28692], [104.41192, -0.28691], [104.41173, -0.28686], [104.41165, -0.28678], [104.41147, -0.28638], [104.41126, -0.28625], [104.40905, -0.28573], [104.40899, -0.28567], [104.40898, -0.28557], [104.40912, -0.28518], [104.40912, -0.28485], [104.40889, -0.28421], [104.40856, -0.28395], [104.40856, -0.28349], [104.40848, -0.28325], [104.40818, -0.28294], [104.40794, -0.28241], [104.4078, -0.28176], [104.40785, -0.28115], [104.40761, -0.28102], [104.40731, -0.2807], [104.40692, -0.2807], [104.40671, -0.28059], [104.40648, -0.28038], [104.40612, -0.28046], [104.40554, -0.28012], [104.4053, -0.28011], [104.40519, -0.28018], [104.40514, -0.28032], [104.40508, -0.28136], [104.40502, -0.28157], [104.40471, -0.28211], [104.40465, -0.28233], [104.40463, -0.28286], [104.40473, -0.28322], [104.40469, -0.28342], [104.40459, -0.28354], [104.40239, -0.28535], [104.40117, -0.28622], [104.40078, -0.28645], [104.40038, -0.28655], [104.40024, -0.28643], [104.40021, -0.28623], [104.40009, -0.28602], [104.39986, -0.28597], [104.39969, -0.28604], [104.39965, -0.28622], [104.39984, -0.2866], [104.39985, -0.28677], [104.39977, -0.28689], [104.39941, -0.28709], [104.3991, -0.28721], [104.39885, -0.28722], [104.39878, -0.28717], [104.39871, -0.28694], [104.39865, -0.28687], [104.39854, -0.28685], [104.39827, -0.28697], [104.3982, -0.28743], [104.39809, -0.28752], [104.39757, -0.28767], [104.39688, -0.28781], [104.39614, -0.28785], [104.39519, -0.28776], [104.39498, -0.2877], [104.39473, -0.28749], [104.39466, -0.2872], [104.39475, -0.28687], [104.39472, -0.28647], [104.39466, -0.28637], [104.39439, -0.28629], [104.39433, -0.28615], [104.39434, -0.28571], [104.39439, -0.2855], [104.39485, -0.28509], [104.39488, -0.28497], [104.39479, -0.28483], [104.39447, -0.28463], [104.39418, -0.28461], [104.39382, -0.28478], [104.39311, -0.28535], [104.3929, -0.28566], [104.39285, -0.28591], [104.39337, -0.28702], [104.39347, -0.28717], [104.39358, -0.28724], [104.39383, -0.28734], [104.39416, -0.28739], [104.39426, -0.28746], [104.39431, -0.28771], [104.3941, -0.28838], [104.3939, -0.2887], [104.39366, -0.28894], [104.39331, -0.28919], [104.39286, -0.28948], [104.39227, -0.28977], [104.39154, -0.29003], [104.39136, -0.29013], [104.39104, -0.29045], [104.39082, -0.29079], [104.39065, -0.2912], [104.39041, -0.29271], [104.39015, -0.29383], [104.3897, -0.29517], [104.38943, -0.29572], [104.38882, -0.29652], [104.38862, -0.29696], [104.3884, -0.29726], [104.3881, -0.29738], [104.38775, -0.29739], [104.38709, -0.29756], [104.38655, -0.29761], [104.38641, -0.29766], [104.38629, -0.29778], [104.38612, -0.29812], [104.38615, -0.29842], [104.38648, -0.29863], [104.3869, -0.29855]]}}, {"type": "Feature", "properties": {"lapisan": "coast"}, "geometry": {"type": "LineString", "coordinates": [[104.42734, -0.35021], [104.42715, -0.35047], [104.427, -0.35105], [104.42667, -0.3511], [104.42657, -0.35122], [104.42655, -0.3515], [104.42675, -0.35217], [104.42672, -0.35234], [104.42663, -0.35254], [104.42623, -0.35303], [104.42586, -0.35402], [104.42583, -0.35442], [104.4259, -0.3547], [104.42605, -0.35498], [104.42654, -0.35542], [104.42663, -0.35557], [104.4267, -0.35622], [104.42659, -0.3565], [104.42636, -0.35681], [104.42606, -0.35704], [104.4255, -0.35768], [104.42539, -0.35798], [104.42536, -0.35824], [104.42544, -0.35859], [104.42562, -0.35884], [104.42605, -0.35908], [104.42635, -0.35918], [104.42668, -0.35922], [104.42709, -0.3591], [104.42745, -0.35889], [104.42786, -0.35885], [104.42803, -0.35878], [104.42837, -0.35838], [104.42861, -0.35825], [104.42902, -0.35857], [104.42916, -0.35863], [104.42936, -0.35864], [104.43031, -0.35847], [104.43043, -0.35841], [104.43058, -0.35807], [104.43061, -0.35781], [104.4304, -0.35754], [104.43023, -0.35754], [104.43019, -0.35746], [104.43052, -0.3574], [104.43056, -0.35733], [104.43028, -0.35709], [104.43013, -0.3571], [104.42998, -0.35694], [104.43028, -0.35687], [104.43056, -0.35709], [104.43079, -0.35716], [104.43087, -0.35736], [104.43113, -0.35753], [104.43112, -0.35768], [104.43097, -0.35791], [104.431, -0.35797], [104.43137, -0.358], [104.43185, -0.35785], [104.43238, -0.35755], [104.43292, -0.3571], [104.43333, -0.35654], [104.43341, -0.35637], [104.43343, -0.35615], [104.4334, -0.35601], [104.43319, -0.3557], [104.43298, -0.35521], [104.43296, -0.35494], [104.43311, -0.35455], [104.43312, -0.35431], [104.4331, -0.3539], [104.43291, -0.35342], [104.43274, -0.35326], [104.43217, -0.353], [104.43199, -0.35285], [104.4311, -0.35186], [104.4309, -0.35157], [104.43078, -0.35149], [104.43056, -0.35146], [104.43023, -0.35155], [104.43005, -0.35152], [104.42966, -0.35131], [104.42933, -0.35104], [104.42913, -0.35096], [104.42892, -0.3508], [104.42876, -0.3508], [104.42852, -0.3509], [104.42841, -0.35088], [104.4278, -0.35041], [104.42759, -0.35028], [104.42734, -0.35021]]}}, {"type": "Feature", "properties": {"lapisan": "coast"}, "geometry": {"type": "LineString", "coordinates": [[104.46399, -0.32063], [104.46399, -0.32082], [104.46421, -0.32107], [104.46423, -0.32123], [104.46393, -0.32155], [104.46353, -0.32254], [104.4635, -0.32278], [104.46356, -0.32321], [104.46371, -0.32361], [104.46389, -0.32378], [104.4639, -0.32384], [104.4638, -0.32406], [104.46358, -0.32414], [104.46347, -0.32436], [104.46358, -0.32587], [104.46377, -0.32653], [104.46416, -0.32741], [104.46436, -0.32762], [104.46478, -0.32791], [104.46571, -0.32841], [104.46596, -0.32848], [104.46664, -0.32839], [104.46776, -0.32852], [104.46809, -0.32842], [104.46844, -0.32813], [104.46906, -0.32721], [104.46942, -0.32653], [104.46964, -0.32589], [104.4697, -0.32581], [104.46993, -0.32571], [104.46988, -0.32537], [104.4697, -0.32505], [104.46949, -0.32482], [104.46938, -0.32481], [104.4692, -0.32491], [104.46901, -0.32489], [104.46891, -0.32483], [104.46879, -0.32447], [104.46881, -0.32415], [104.46876, -0.32352], [104.46868, -0.32324], [104.46848, -0.32282], [104.46797, -0.32231], [104.46738, -0.32195], [104.46699, -0.32162], [104.46649, -0.32157], [104.466, -0.32164], [104.46562, -0.32152], [104.46511, -0.32153], [104.46501, -0.32148], [104.4649, -0.32133], [104.46462, -0.32077], [104.46447, -0.32058], [104.4644, -0.32054], [104.46408, -0.32053], [104.46399, -0.32063]]}}, {"type": "Feature", "properties": {"lapisan": "coast"}, "geometry": {"type": "LineString", "coordinates": [[104.42181, -0.35733], [104.42177, -0.35767], [104.42154, -0.3578], [104.4215, -0.35789], [104.42157, -0.35799], [104.42178, -0.35813], [104.42217, -0.35827], [104.42235, -0.35822], [104.42266, -0.35824], [104.42309, -0.35848], [104.42388, -0.3588], [104.42402, -0.35879], [104.42413, -0.35864], [104.42409, -0.3585], [104.42391, -0.35854], [104.42379, -0.35845], [104.42375, -0.35824], [104.42394, -0.35812], [104.42387, -0.35784], [104.42389, -0.35758], [104.42382, -0.35738], [104.42342, -0.35694], [104.42317, -0.35691], [104.42333, -0.35726], [104.42325, -0.35744], [104.42312, -0.35749], [104.42294, -0.35747], [104.42274, -0.35737], [104.4227, -0.35742], [104.42236, -0.35749], [104.42212, -0.35725], [104.42204, -0.35723], [104.42185, -0.35727], [104.42181, -0.35733]]}}, {"type": "Feature", "properties": {"lapisan": "coast"}, "geometry": {"type": "LineString", "coordinates": [[104.50976, -0.33628], [104.50964, -0.33571], [104.50959, -0.33566], [104.50951, -0.33566], [104.50923, -0.33581], [104.50908, -0.33627], [104.50889, -0.33665], [104.50897, -0.33691], [104.50901, -0.33736], [104.50906, -0.33747], [104.50961, -0.33777], [104.51029, -0.33798], [104.51058, -0.33783], [104.51059, -0.33772], [104.51033, -0.33706], [104.51011, -0.3367], [104.50976, -0.33628]]}}, {"type": "Feature", "properties": {"lapisan": "coast"}, "geometry": {"type": "LineString", "coordinates": [[104.51807, -0.35079], [104.51784, -0.35117], [104.51781, -0.35139], [104.51784, -0.35155], [104.51797, -0.35182], [104.51815, -0.35201], [104.5185, -0.35215], [104.51868, -0.3523], [104.51871, -0.35258], [104.51857, -0.35335], [104.5186, -0.35359], [104.51876, -0.35378], [104.51893, -0.35387], [104.51937, -0.35376], [104.51961, -0.35381], [104.51971, -0.3541], [104.5198, -0.35421], [104.52002, -0.35424], [104.5202, -0.35418], [104.52026, -0.35393], [104.52018, -0.35383], [104.51999, -0.35373], [104.51989, -0.35359], [104.51993, -0.35339], [104.52016, -0.35329], [104.52019, -0.35304], [104.51981, -0.35235], [104.51957, -0.35201], [104.5191, -0.35171], [104.51885, -0.35146], [104.51857, -0.35103], [104.51831, -0.35089], [104.51821, -0.35076], [104.51807, -0.35079]]}}, {"type": "Feature", "properties": {"lapisan": "coast"}, "geometry": {"type": "LineString", "coordinates": [[104.45709, -0.26623], [104.4571, -0.26633], [104.4573, -0.26649], [104.45731, -0.26673], [104.45743, -0.26688], [104.45762, -0.26685], [104.45796, -0.26696], [104.45827, -0.26695], [104.45865, -0.26681], [104.45889, -0.26679], [104.45903, -0.26663], [104.45903, -0.26646], [104.45881, -0.26628], [104.45881, -0.26615], [104.45877, -0.26613], [104.45861, -0.26612], [104.45849, -0.26622], [104.45816, -0.26622], [104.45795, -0.2663], [104.45754, -0.26618], [104.45718, -0.26618], [104.45709, -0.26623]]}}, {"type": "Feature", "properties": {"lapisan": "coast"}, "geometry": {"type": "LineString", "coordinates": [[104.58744, -0.25737], [104.587, -0.25764], [104.58687, -0.25778], [104.58671, -0.25869], [104.58679, -0.26017], [104.58696, -0.26059], [104.58712, -0.26075], [104.58732, -0.26074], [104.58744, -0.26068], [104.5878, -0.26034], [104.58818, -0.26009], [104.58988, -0.25936], [104.5902, -0.25927], [104.59101, -0.25923], [104.59139, -0.25893], [104.59172, -0.25878], [104.59195, -0.25848], [104.59194, -0.25837], [104.59177, -0.25815], [104.59123, -0.25814], [104.591, -0.25807], [104.5906, -0.25767], [104.59033, -0.25766], [104.59001, -0.25775], [104.58986, -0.2571], [104.58957, -0.25672], [104.58943, -0.25665], [104.58893, -0.25673], [104.58799, -0.25709], [104.58744, -0.25737]]}}, {"type": "Feature", "properties": {"k": "lingkungan", "n": null, "lapisan": "roads"}, "geometry": {"type": "LineString", "coordinates": [[104.46692, -0.33951], [104.46708, -0.34116]]}}, {"type": "Feature", "properties": {"k": "lingkungan", "n": null, "lapisan": "roads"}, "geometry": {"type": "LineString", "coordinates": [[104.46662, -0.33956], [104.4674, -0.33952]]}}, {"type": "Feature", "properties": {"k": "lingkungan", "n": null, "lapisan": "roads"}, "geometry": {"type": "LineString", "coordinates": [[104.4655, -0.34085], [104.46577, -0.34059], [104.46565, -0.34003], [104.46554, -0.33992], [104.46542, -0.3399], [104.46525, -0.3398]]}}, {"type": "Feature", "properties": {"k": "lingkungan", "n": null, "lapisan": "roads"}, "geometry": {"type": "LineString", "coordinates": [[104.46708, -0.34116], [104.46738, -0.34126], [104.46758, -0.34137], [104.46792, -0.34171], [104.46815, -0.34198], [104.46847, -0.34278], [104.46858, -0.34295], [104.46883, -0.34316]]}}, {"type": "Feature", "properties": {"k": "utama", "n": null, "lapisan": "roads"}, "geometry": {"type": "LineString", "coordinates": [[104.46883, -0.34316], [104.46825, -0.34329], [104.46792, -0.3433], [104.46677, -0.34344], [104.46662, -0.34338], [104.46644, -0.34322], [104.4654, -0.34221], [104.46531, -0.34204]]}}, {"type": "Feature", "properties": {"k": "utama", "n": null, "lapisan": "roads"}, "geometry": {"type": "LineString", "coordinates": [[104.42938, -0.38724], [104.42947, -0.38668], [104.42936, -0.38562], [104.42939, -0.38535], [104.42977, -0.38479], [104.4303, -0.38411], [104.43195, -0.38216], [104.43207, -0.38197], [104.43241, -0.38106], [104.43272, -0.38049], [104.43321, -0.37976], [104.4334, -0.37954], [104.43382, -0.37924], [104.43416, -0.37907], [104.43588, -0.37801], [104.43631, -0.37778], [104.43666, -0.37774], [104.4376, -0.37802], [104.43776, -0.37803], [104.4381, -0.37794], [104.43823, -0.37785], [104.43836, -0.37772], [104.43846, -0.37753], [104.43861, -0.37711], [104.43868, -0.37668], [104.43869, -0.37552], [104.43877, -0.375], [104.43921, -0.37409], [104.43925, -0.37392], [104.43932, -0.37315], [104.4393, -0.37256], [104.43921, -0.37236], [104.43874, -0.37189], [104.43802, -0.37142], [104.43789, -0.37137], [104.43689, -0.37121], [104.43674, -0.37115], [104.4367, -0.3711], [104.43669, -0.37097], [104.43689, -0.37013], [104.43689, -0.36991], [104.43671, -0.36916], [104.43648, -0.36704], [104.43649, -0.36687], [104.43674, -0.36594], [104.43703, -0.36464], [104.43751, -0.3638], [104.43839, -0.36242], [104.43859, -0.3623], [104.43917, -0.36221], [104.44033, -0.36192], [104.44071, -0.36175], [104.44096, -0.36154]]}}, {"type": "Feature", "properties": {"k": "utama", "n": null, "lapisan": "roads"}, "geometry": {"type": "LineString", "coordinates": [[104.44116, -0.36134], [104.44128, -0.36121], [104.44134, -0.36101], [104.44126, -0.36059], [104.44106, -0.35996], [104.44112, -0.3594], [104.44126, -0.35882], [104.44127, -0.35849], [104.4412, -0.3584], [104.44109, -0.35835], [104.44096, -0.35832], [104.44065, -0.35835], [104.44044, -0.35832], [104.44032, -0.35829], [104.44021, -0.3582], [104.44011, -0.35804], [104.43997, -0.35765], [104.43986, -0.35693], [104.43974, -0.35671], [104.4388, -0.35595], [104.43834, -0.3557], [104.43816, -0.35555], [104.43798, -0.35533], [104.43788, -0.35511], [104.43761, -0.35423]]}}, {"type": "Feature", "properties": {"k": "utama", "n": null, "lapisan": "roads"}, "geometry": {"type": "LineString", "coordinates": [[104.5127, -0.36473], [104.51314, -0.36467], [104.51377, -0.36443], [104.51396, -0.36438], [104.51417, -0.36437], [104.51436, -0.36441], [104.51515, -0.3648], [104.51617, -0.36521], [104.51631, -0.36523], [104.51643, -0.3652], [104.51715, -0.36494], [104.51756, -0.36494], [104.51891, -0.36523], [104.51952, -0.36533], [104.52074, -0.36544], [104.52143, -0.36569], [104.52156, -0.36586], [104.52232, -0.36751], [104.52236, -0.36768], [104.52234, -0.36784], [104.52229, -0.36804], [104.52214, -0.36833], [104.52217, -0.36855], [104.52243, -0.36873], [104.52307, -0.36892], [104.52326, -0.36906], [104.52375, -0.36968], [104.52456, -0.37093], [104.52492, -0.37141], [104.52517, -0.37164], [104.52568, -0.37193], [104.52596, -0.37202], [104.5263, -0.37205], [104.52661, -0.37201], [104.52711, -0.37177], [104.52736, -0.37152], [104.5276, -0.37106], [104.52772, -0.37095], [104.5281, -0.37087], [104.52886, -0.37079], [104.52955, -0.37066], [104.52979, -0.37073], [104.52995, -0.37086], [104.53024, -0.37125], [104.53036, -0.37132], [104.53049, -0.37137], [104.5315, -0.37147], [104.53172, -0.37155], [104.53179, -0.3716], [104.5322, -0.37221], [104.53236, -0.37235], [104.53334, -0.37284], [104.53369, -0.37287], [104.53421, -0.37278], [104.53447, -0.37278], [104.53461, -0.3728], [104.53473, -0.37286], [104.5348, -0.37292], [104.53487, -0.37315], [104.53487, -0.37347], [104.53495, -0.37378], [104.5352, -0.37404], [104.53537, -0.3741], [104.53556, -0.37412], [104.53578, -0.3741], [104.53613, -0.37398], [104.53655, -0.37399], [104.53708, -0.37415], [104.53763, -0.37446], [104.53773, -0.37457], [104.53781, -0.37474], [104.53786, -0.37505], [104.53786, -0.37536], [104.53772, -0.37647], [104.53769, -0.37715], [104.53762, -0.37765], [104.53756, -0.37889], [104.53759, -0.37923], [104.53775, -0.3801], [104.5383, -0.38158], [104.53836, -0.38188], [104.53841, -0.38278]]}}, {"type": "Feature", "properties": {"k": "kolektor", "n": null, "lapisan": "roads"}, "geometry": {"type": "LineString", "coordinates": [[104.47137, -0.34737], [104.47138, -0.34711]]}}, {"type": "Feature", "properties": {"k": "lokal", "n": null, "lapisan": "roads"}, "geometry": {"type": "LineString", "coordinates": [[104.59665, -0.22914], [104.59537, -0.22827], [104.59452, -0.22734], [104.5937, -0.22676], [104.59262, -0.22559], [104.59251, -0.22551], [104.59228, -0.22543], [104.59197, -0.22538], [104.59171, -0.22541], [104.59109, -0.22562], [104.59048, -0.22589], [104.59028, -0.22603], [104.58991, -0.22668], [104.58969, -0.22697], [104.58907, -0.22736], [104.58892, -0.22752], [104.5886, -0.22804], [104.58804, -0.22907], [104.58768, -0.22955], [104.58729, -0.22998], [104.58366, -0.23337], [104.58281, -0.23451], [104.58234, -0.23546], [104.58186, -0.23659], [104.58115, -0.23796], [104.58101, -0.23816], [104.58085, -0.23831], [104.58041, -0.23858], [104.58019, -0.23868], [104.57997, -0.23872], [104.57951, -0.23872], [104.57848, -0.23864], [104.57824, -0.23867], [104.57747, -0.23887], [104.57705, -0.23889], [104.57566, -0.23879], [104.57462, -0.23851], [104.57403, -0.23839], [104.57321, -0.23831], [104.57128, -0.23823], [104.57001, -0.23837], [104.5686, -0.2383], [104.56762, -0.23829], [104.56669, -0.2384], [104.56627, -0.2385], [104.56606, -0.23861], [104.56509, -0.23951], [104.56468, -0.24006], [104.56431, -0.24032], [104.56354, -0.24066], [104.56307, -0.24099], [104.56281, -0.24122], [104.56238, -0.24141], [104.56199, -0.24167], [104.56122, -0.24234], [104.55925, -0.24353], [104.55888, -0.24382], [104.55845, -0.24443], [104.55823, -0.24489], [104.55792, -0.24535], [104.55738, -0.24604], [104.55704, -0.24672], [104.55677, -0.24702], [104.55597, -0.24771], [104.55556, -0.2477], [104.55443, -0.24748], [104.554, -0.24758], [104.55372, -0.24759], [104.55319, -0.2475], [104.55294, -0.24749], [104.55266, -0.24751], [104.55203, -0.24769], [104.55175, -0.24774], [104.55004, -0.24789], [104.54944, -0.24807], [104.54892, -0.24833], [104.5485, -0.24862], [104.5477, -0.2495], [104.54743, -0.24964], [104.54592, -0.24986], [104.54566, -0.24998], [104.5449, -0.25054], [104.54468, -0.25077], [104.54434, -0.25131], [104.54404, -0.25171], [104.54389, -0.25182], [104.54239, -0.25249], [104.54146, -0.25258], [104.54135, -0.25262], [104.53953, -0.25416], [104.53894, -0.25458], [104.53869, -0.25489], [104.53841, -0.25553], [104.53814, -0.25645], [104.53792, -0.25786], [104.53782, -0.25831], [104.53685, -0.26009], [104.53656, -0.26052], [104.53591, -0.26114], [104.53458, -0.2623], [104.53381, -0.26292], [104.53368, -0.26299], [104.53256, -0.26329], [104.5322, -0.26344], [104.53201, -0.26356], [104.53182, -0.26372], [104.53165, -0.26393], [104.53107, -0.265], [104.53093, -0.2652], [104.5305, -0.26559], [104.53032, -0.26569], [104.53017, -0.26574], [104.52994, -0.26575], [104.52906, -0.26567], [104.52816, -0.26575], [104.52699, -0.26628], [104.52675, -0.26635], [104.52607, -0.26644], [104.52514, -0.2665], [104.52482, -0.26663], [104.52271, -0.26787], [104.52228, -0.26806], [104.51971, -0.26847], [104.51867, -0.26856], [104.51763, -0.26854], [104.51717, -0.26845], [104.51647, -0.26826], [104.5153, -0.26777], [104.51491, -0.26766], [104.51446, -0.2677], [104.51363, -0.26791], [104.51318, -0.26806], [104.51168, -0.26843], [104.51075, -0.26843], [104.51006, -0.26836]]}}, {"type": "Feature", "properties": {"k": "setapak", "n": null, "lapisan": "roads"}, "geometry": {"type": "LineString", "coordinates": [[104.50818, -0.25204], [104.5081, -0.25222], [104.50811, -0.25229], [104.50821, -0.25244], [104.50857, -0.25279], [104.50868, -0.25295], [104.50882, -0.25344], [104.50887, -0.25373], [104.5089, -0.25405], [104.50887, -0.25496], [104.50874, -0.25581], [104.50839, -0.25644], [104.50814, -0.25676], [104.50722, -0.25762], [104.50657, -0.25814], [104.50652, -0.25834], [104.50654, -0.2586], [104.50687, -0.25931], [104.50692, -0.25954], [104.50699, -0.26033], [104.50711, -0.26066], [104.50771, -0.26178], [104.5078, -0.26185], [104.50792, -0.26189], [104.50833, -0.26193], [104.50933, -0.26191], [104.5095, -0.26196], [104.50959, -0.26207], [104.5096, -0.26221], [104.5095, -0.26259], [104.50926, -0.26324], [104.50891, -0.26401], [104.50882, -0.26428], [104.50853, -0.26465], [104.50829, -0.26483], [104.50743, -0.26527], [104.50718, -0.26566], [104.50712, -0.26582], [104.50711, -0.26612], [104.50714, -0.26619], [104.50747, -0.26654], [104.50835, -0.26731], [104.50865, -0.26766], [104.50906, -0.26806], [104.50952, -0.26827], [104.51006, -0.26836]]}}, {"type": "Feature", "properties": {"k": "setapak", "n": null, "lapisan": "roads"}, "geometry": {"type": "LineString", "coordinates": [[104.51896, -0.26853], [104.51909, -0.26953], [104.51912, -0.27006], [104.51893, -0.27032], [104.51809, -0.27098], [104.51793, -0.27115], [104.51788, -0.27132], [104.51789, -0.27152], [104.51835, -0.27328], [104.51835, -0.27355], [104.51821, -0.27373], [104.51808, -0.27412], [104.51806, -0.2743], [104.51814, -0.27469], [104.51805, -0.2752]]}}, {"type": "Feature", "properties": {"k": "lokal", "n": null, "lapisan": "roads"}, "geometry": {"type": "LineString", "coordinates": [[104.52228, -0.26806], [104.52247, -0.27152], [104.52259, -0.27211], [104.52273, -0.27252], [104.52275, -0.27278], [104.52262, -0.27329], [104.52267, -0.27374], [104.52343, -0.27433], [104.52349, -0.2745]]}}, {"type": "Feature", "properties": {"k": "lingkungan", "n": null, "lapisan": "roads"}, "geometry": {"type": "LineString", "coordinates": [[104.45277, -0.44303], [104.45228, -0.44294], [104.45182, -0.44274], [104.4516, -0.44261], [104.45135, -0.44237]]}}, {"type": "Feature", "properties": {"k": "lokal", "n": null, "lapisan": "roads"}, "geometry": {"type": "LineString", "coordinates": [[104.45053, -0.44889], [104.45073, -0.44887], [104.45128, -0.44862], [104.45154, -0.44846], [104.45182, -0.44811], [104.45204, -0.44756], [104.45246, -0.4471], [104.45279, -0.44666], [104.4529, -0.44635], [104.45301, -0.44587], [104.45308, -0.44525], [104.45287, -0.44405], [104.45279, -0.44346], [104.45277, -0.44303], [104.45289, -0.44281], [104.45374, -0.44218], [104.4542, -0.44173], [104.45431, -0.44159], [104.4543, -0.44134], [104.45383, -0.44041], [104.45365, -0.43993], [104.45353, -0.43932], [104.45353, -0.43919], [104.45358, -0.43913], [104.45347, -0.4382], [104.45338, -0.438], [104.45329, -0.43787], [104.45296, -0.43758], [104.45269, -0.43711], [104.45252, -0.43667], [104.45212, -0.43621], [104.45138, -0.43497], [104.45122, -0.43491], [104.45101, -0.43498], [104.45054, -0.43507], [104.45045, -0.43544], [104.45036, -0.43548], [104.45011, -0.43547], [104.44958, -0.43538], [104.44922, -0.43539], [104.44903, -0.43536], [104.44897, -0.43532], [104.44894, -0.43523], [104.44894, -0.43476], [104.44891, -0.4347], [104.44882, -0.43467], [104.44825, -0.43474]]}}, {"type": "Feature", "properties": {"k": "lingkungan", "n": null, "lapisan": "roads"}, "geometry": {"type": "LineString", "coordinates": [[104.45154, -0.44846], [104.45172, -0.4489], [104.45247, -0.44929], [104.45297, -0.44967], [104.45395, -0.44994], [104.45435, -0.45016], [104.45448, -0.45019], [104.45501, -0.45018], [104.45531, -0.45029], [104.45548, -0.45039], [104.45553, -0.45039], [104.45572, -0.45022], [104.45583, -0.45017], [104.45617, -0.44979], [104.45633, -0.4497], [104.45656, -0.44949], [104.45662, -0.4494], [104.45652, -0.44916], [104.45654, -0.44905]]}}, {"type": "Feature", "properties": {"k": "lingkungan", "n": null, "lapisan": "roads"}, "geometry": {"type": "LineString", "coordinates": [[104.44692, -0.45806], [104.44699, -0.45757], [104.44703, -0.45587]]}}, {"type": "Feature", "properties": {"k": "setapak", "n": null, "lapisan": "roads"}, "geometry": {"type": "LineString", "coordinates": [[104.45045, -0.43544], [104.45042, -0.43606], [104.45026, -0.43701], [104.44997, -0.43826], [104.44988, -0.43892], [104.44979, -0.43929], [104.44979, -0.44026], [104.44991, -0.44083], [104.44998, -0.44143], [104.44998, -0.44214], [104.45007, -0.4432], [104.45024, -0.44423], [104.45045, -0.445], [104.45054, -0.44548], [104.45112, -0.44755], [104.45124, -0.44787], [104.45161, -0.44839]]}}, {"type": "Feature", "properties": {"k": "lingkungan", "n": null, "lapisan": "roads"}, "geometry": {"type": "LineString", "coordinates": [[104.40442, -0.4098], [104.40465, -0.4098], [104.40692, -0.40956], [104.4087, -0.40926], [104.4091, -0.40922], [104.40956, -0.40925], [104.4099, -0.40932], [104.41055, -0.4095], [104.41089, -0.40966]]}}, {"type": "Feature", "properties": {"k": "lingkungan", "n": null, "lapisan": "roads"}, "geometry": {"type": "LineString", "coordinates": [[104.3975, -0.41044], [104.39791, -0.41041], [104.39893, -0.41024], [104.39922, -0.41029], [104.40018, -0.41059], [104.40122, -0.41036], [104.40133, -0.41036]]}}, {"type": "Feature", "properties": {"k": "kolektor", "n": null, "lapisan": "roads"}, "geometry": {"type": "LineString", "coordinates": [[104.40055, -0.41976], [104.40051, -0.41999], [104.4004, -0.4203], [104.39999, -0.42117], [104.39986, -0.42211], [104.3998, -0.42224], [104.3985, -0.42427], [104.39814, -0.42493], [104.39792, -0.42566], [104.39795, -0.42634], [104.39787, -0.42653], [104.39768, -0.4267], [104.39726, -0.4269], [104.39705, -0.42693], [104.39662, -0.42688], [104.39627, -0.42699], [104.39487, -0.42793], [104.39427, -0.42824], [104.39398, -0.42828], [104.39359, -0.42818], [104.3934, -0.4282], [104.39333, -0.42825], [104.39317, -0.42847], [104.39294, -0.4289], [104.3927, -0.42913], [104.39237, -0.42926], [104.39168, -0.42933], [104.39125, -0.42941], [104.39098, -0.4295], [104.39057, -0.42971], [104.39007, -0.43006], [104.38928, -0.4308], [104.3892, -0.43093], [104.38887, -0.43162], [104.3887, -0.4324], [104.38856, -0.43277], [104.38812, -0.43352], [104.38782, -0.43388], [104.38742, -0.43423], [104.38689, -0.43457], [104.38629, -0.43502], [104.38566, -0.43574], [104.38465, -0.43661], [104.38427, -0.43681], [104.38396, -0.43686], [104.38364, -0.43685], [104.38357, -0.43686], [104.38349, -0.43692], [104.38337, -0.43712], [104.3833, -0.43758], [104.3832, -0.43779], [104.38272, -0.4382], [104.38223, -0.43894], [104.38201, -0.43938], [104.38188, -0.43955]]}}, {"type": "Feature", "properties": {"k": "setapak", "n": null, "lapisan": "roads"}, "geometry": {"type": "LineString", "coordinates": [[104.39795, -0.42634], [104.39815, -0.42662], [104.39833, -0.42696], [104.3985, -0.42708], [104.39893, -0.42725], [104.39931, -0.42753], [104.39938, -0.42764], [104.39942, -0.42804], [104.39937, -0.42853], [104.39947, -0.42887], [104.39942, -0.42958], [104.39948, -0.42992], [104.39959, -0.43015], [104.39994, -0.43058], [104.40063, -0.43127], [104.40123, -0.4321], [104.40153, -0.43243], [104.40178, -0.43262]]}}, {"type": "Feature", "properties": {"k": "lingkungan", "n": null, "lapisan": "roads"}, "geometry": {"type": "LineString", "coordinates": [[104.40585, -0.40967], [104.4059, -0.40958], [104.40593, -0.40937], [104.40609, -0.40897], [104.40624, -0.40877], [104.40633, -0.40857], [104.40647, -0.40844], [104.40672, -0.4083], [104.40688, -0.40813]]}}, {"type": "Feature", "properties": {"k": "kolektor", "n": null, "lapisan": "roads"}, "geometry": {"type": "LineString", "coordinates": [[104.40239, -0.40983], [104.40219, -0.40992]]}}, {"type": "Feature", "properties": {"k": "kolektor", "n": null, "lapisan": "roads"}, "geometry": {"type": "LineString", "coordinates": [[104.40219, -0.40992], [104.40133, -0.41036], [104.4014, -0.41097], [104.40153, -0.4113], [104.40182, -0.41256], [104.402, -0.41295], [104.40202, -0.41307], [104.40198, -0.41395], [104.40218, -0.41488], [104.40218, -0.41555], [104.40213, -0.41606], [104.40191, -0.41706], [104.40147, -0.41823], [104.40138, -0.41843], [104.40125, -0.41859], [104.40111, -0.41868], [104.40098, -0.41882], [104.40061, -0.41957], [104.40055, -0.41976]]}}, {"type": "Feature", "properties": {"k": "setapak", "n": null, "lapisan": "roads"}, "geometry": {"type": "LineString", "coordinates": [[104.4724, -0.39668], [104.47257, -0.39657], [104.47273, -0.39653], [104.47327, -0.3963], [104.47341, -0.39632], [104.47374, -0.39646], [104.47387, -0.39648], [104.47404, -0.39646], [104.47424, -0.39634], [104.47448, -0.39614], [104.47481, -0.39578], [104.47514, -0.39549], [104.47558, -0.39498], [104.47605, -0.3947], [104.4764, -0.39459], [104.47671, -0.39456], [104.47753, -0.39465], [104.47842, -0.39484], [104.47899, -0.39486], [104.47919, -0.3948], [104.47973, -0.39481], [104.48108, -0.39518], [104.48149, -0.39525], [104.48157, -0.39523], [104.48169, -0.39512], [104.48179, -0.39487], [104.48191, -0.3947], [104.48211, -0.39463], [104.48255, -0.3946], [104.48283, -0.39442], [104.48295, -0.3943], [104.48326, -0.39414], [104.48339, -0.39385], [104.48351, -0.39338], [104.48414, -0.39255], [104.48465, -0.39206], [104.48482, -0.3918], [104.48502, -0.39162], [104.48538, -0.39142], [104.48558, -0.39138], [104.48578, -0.39136], [104.48593, -0.3914], [104.48609, -0.39152], [104.48635, -0.39163], [104.48681, -0.39169], [104.48704, -0.39176], [104.48764, -0.39206], [104.48778, -0.39209], [104.48826, -0.392], [104.48839, -0.39202], [104.48907, -0.39234], [104.48961, -0.39255], [104.49019, -0.39268], [104.49075, -0.39273], [104.49122, -0.39298], [104.49143, -0.39302], [104.49161, -0.393], [104.49208, -0.39314], [104.49245, -0.39344], [104.49261, -0.39366], [104.49284, -0.39377], [104.49307, -0.39379], [104.49328, -0.39386], [104.49359, -0.39403], [104.49377, -0.39419]]}}, {"type": "Feature", "properties": {"k": "lingkungan", "n": null, "lapisan": "roads"}, "geometry": {"type": "LineString", "coordinates": [[104.45978, -0.41722], [104.46011, -0.41698], [104.46037, -0.41696], [104.46053, -0.41707], [104.46076, -0.4175]]}}, {"type": "Feature", "properties": {"k": "setapak", "n": null, "lapisan": "roads"}, "geometry": {"type": "LineString", "coordinates": [[104.47261, -0.40936], [104.47307, -0.40931], [104.47347, -0.40912], [104.47381, -0.40904], [104.47486, -0.40899], [104.47511, -0.40903], [104.4753, -0.4091], [104.47556, -0.40929], [104.47639, -0.41018], [104.47679, -0.41056], [104.4769, -0.41062], [104.47736, -0.41109], [104.47907, -0.41301], [104.47981, -0.41395], [104.48042, -0.41452], [104.48087, -0.41489], [104.48142, -0.41531], [104.4818, -0.41548], [104.48201, -0.41574], [104.48217, -0.41583]]}}, {"type": "Feature", "properties": {"k": "lingkungan", "n": null, "lapisan": "roads"}, "geometry": {"type": "LineString", "coordinates": [[104.4585, -0.4184], [104.45837, -0.41734], [104.4583, -0.41701], [104.45838, -0.41682], [104.45851, -0.4167], [104.45899, -0.41648], [104.45921, -0.41574], [104.45933, -0.41495], [104.45932, -0.41469], [104.45918, -0.41448], [104.45914, -0.41422], [104.45904, -0.41413], [104.45894, -0.41397]]}}, {"type": "Feature", "properties": {"k": "lingkungan", "n": null, "lapisan": "roads"}, "geometry": {"type": "LineString", "coordinates": [[104.43703, -0.36464], [104.43591, -0.3632], [104.4357, -0.36296], [104.43545, -0.36276], [104.43513, -0.36273], [104.4345, -0.36276], [104.43388, -0.36272], [104.43324, -0.36275], [104.43313, -0.36272], [104.433, -0.36266], [104.43163, -0.36153], [104.43118, -0.36125], [104.43082, -0.36111], [104.43037, -0.36086], [104.43029, -0.36078], [104.42995, -0.36004], [104.4298, -0.35959], [104.42978, -0.35928]]}}, {"type": "Feature", "properties": {"k": "lingkungan", "n": null, "lapisan": "roads"}, "geometry": {"type": "LineString", "coordinates": [[104.4315, -0.36145], [104.43111, -0.36173], [104.4305, -0.36263], [104.42984, -0.36339], [104.42973, -0.3634], [104.42871, -0.36328], [104.42842, -0.36317], [104.42832, -0.36308], [104.42818, -0.36275], [104.42813, -0.3622]]}}, {"type": "Feature", "properties": {"k": "lingkungan", "n": null, "lapisan": "roads"}, "geometry": {"type": "LineString", "coordinates": [[104.43003, -0.36022], [104.43021, -0.36013], [104.43045, -0.36018], [104.43051, -0.36015], [104.43058, -0.35988], [104.4309, -0.35961]]}}, {"type": "Feature", "properties": {"k": "lingkungan", "n": null, "lapisan": "roads"}, "geometry": {"type": "LineString", "coordinates": [[104.43111, -0.36173], [104.43066, -0.36149], [104.43056, -0.3614]]}}, {"type": "Feature", "properties": {"k": "lokal", "n": null, "lapisan": "roads"}, "geometry": {"type": "LineString", "coordinates": [[104.42741, -0.3953], [104.42757, -0.39546], [104.42784, -0.39557]]}}, {"type": "Feature", "properties": {"k": "setapak", "n": null, "lapisan": "roads"}, "geometry": {"type": "LineString", "coordinates": [[104.42433, -0.39192], [104.4245, -0.39182]]}}, {"type": "Feature", "properties": {"k": "lingkungan", "n": null, "lapisan": "roads"}, "geometry": {"type": "LineString", "coordinates": [[104.43761, -0.35423], [104.43736, -0.35369], [104.4362, -0.35252]]}}, {"type": "Feature", "properties": {"k": "lingkungan", "n": null, "lapisan": "roads"}, "geometry": {"type": "LineString", "coordinates": [[104.42622, -0.3894], [104.42641, -0.38979], [104.42651, -0.39023], [104.4269, -0.3906]]}}, {"type": "Feature", "properties": {"k": "lingkungan", "n": null, "lapisan": "roads"}, "geometry": {"type": "LineString", "coordinates": [[104.42986, -0.35972], [104.43007, -0.35961]]}}, {"type": "Feature", "properties": {"k": "lingkungan", "n": null, "lapisan": "roads"}, "geometry": {"type": "LineString", "coordinates": [[104.4298, -0.35959], [104.43028, -0.3596], [104.43117, -0.35931]]}}, {"type": "Feature", "properties": {"k": "lingkungan", "n": null, "lapisan": "roads"}, "geometry": {"type": "LineString", "coordinates": [[104.42739, -0.39515], [104.42704, -0.39466], [104.4268, -0.39407], [104.42663, -0.39395], [104.42636, -0.39383]]}}, {"type": "Feature", "properties": {"k": "lingkungan", "n": null, "lapisan": "roads"}, "geometry": {"type": "LineString", "coordinates": [[104.43275, -0.36245], [104.43259, -0.36245], [104.43246, -0.36258], [104.43203, -0.36307], [104.43203, -0.36318], [104.43213, -0.36346], [104.43218, -0.36375], [104.43231, -0.36402], [104.4327, -0.36609], [104.43273, -0.36659], [104.43283, -0.36683], [104.43365, -0.36821], [104.4338, -0.36867], [104.43389, -0.3697], [104.43376, -0.37147], [104.43364, -0.37252]]}}, {"type": "Feature", "properties": {"k": "setapak", "n": null, "lapisan": "roads"}, "geometry": {"type": "LineString", "coordinates": [[104.43385, -0.3702], [104.43198, -0.37018]]}}, {"type": "Feature", "properties": {"k": "setapak", "n": null, "lapisan": "roads"}, "geometry": {"type": "LineString", "coordinates": [[104.43341, -0.36781], [104.4326, -0.36827], [104.43231, -0.36829], [104.43189, -0.36837]]}}, {"type": "Feature", "properties": {"k": "lokal", "n": null, "lapisan": "roads"}, "geometry": {"type": "LineString", "coordinates": [[104.42784, -0.39557], [104.42801, -0.39562]]}}, {"type": "Feature", "properties": {"k": "lokal", "n": null, "lapisan": "roads"}, "geometry": {"type": "LineString", "coordinates": [[104.42801, -0.39562], [104.42823, -0.39576], [104.4288, -0.39659], [104.429, -0.39683], [104.42942, -0.3972], [104.43018, -0.3977], [104.43036, -0.3979], [104.43058, -0.39825], [104.4308, -0.39866], [104.43177, -0.40078], [104.43214, -0.40142], [104.43317, -0.40346], [104.43403, -0.40543], [104.43465, -0.40667], [104.43483, -0.40718], [104.43486, -0.40737], [104.43485, -0.40759], [104.43507, -0.40829], [104.43516, -0.40931], [104.43521, -0.40957], [104.43613, -0.41307], [104.43636, -0.41442], [104.43649, -0.41481], [104.43682, -0.41542], [104.43722, -0.41636], [104.43737, -0.41663], [104.4377, -0.41709], [104.43802, -0.41745], [104.43835, -0.41779], [104.43868, -0.41803], [104.4394, -0.41843], [104.43984, -0.41863], [104.44061, -0.41884], [104.44129, -0.41897], [104.44178, -0.41913], [104.44193, -0.41922], [104.44211, -0.41941]]}}, {"type": "Feature", "properties": {"k": "setapak", "n": null, "lapisan": "roads"}, "geometry": {"type": "LineString", "coordinates": [[104.4245, -0.39182], [104.42463, -0.3917]]}}, {"type": "Feature", "properties": {"k": "setapak", "n": null, "lapisan": "roads"}, "geometry": {"type": "LineString", "coordinates": [[104.42463, -0.3917], [104.42491, -0.3914], [104.42497, -0.39137], [104.42517, -0.39132], [104.42577, -0.39126]]}}, {"type": "Feature", "properties": {"k": "lingkungan", "n": null, "lapisan": "roads"}, "geometry": {"type": "LineString", "coordinates": [[104.42898, -0.38861], [104.42953, -0.38894], [104.43034, -0.38951], [104.43061, -0.3896], [104.43123, -0.38989], [104.43138, -0.38983], [104.43177, -0.38976], [104.43186, -0.38971], [104.43207, -0.38946]]}}, {"type": "Feature", "properties": {"k": "lingkungan", "n": null, "lapisan": "roads"}, "geometry": {"type": "LineString", "coordinates": [[104.44594, -0.35446], [104.44605, -0.35461], [104.44626, -0.35481], [104.44671, -0.35514], [104.44703, -0.35556], [104.4473, -0.356], [104.44792, -0.35667], [104.44827, -0.35813], [104.44857, -0.35872], [104.4488, -0.3593], [104.44907, -0.35971], [104.45018, -0.36024], [104.45048, -0.36047], [104.45057, -0.3606], [104.45063, -0.36079], [104.45064, -0.36126], [104.45045, -0.36182], [104.4503, -0.36246], [104.45023, -0.36327], [104.45014, -0.3637], [104.44994, -0.36407], [104.44987, -0.36427], [104.44985, -0.3644], [104.44989, -0.36469], [104.44998, -0.36495], [104.45016, -0.36527], [104.4509, -0.36605], [104.45148, -0.36682], [104.45161, -0.36708], [104.45173, -0.36752], [104.45177, -0.3678], [104.45171, -0.36852], [104.45162, -0.36869], [104.45123, -0.36914], [104.45018, -0.37066], [104.44982, -0.37127], [104.44972, -0.37147], [104.44969, -0.37161], [104.44967, -0.37184], [104.44969, -0.3721], [104.44979, -0.37238], [104.45007, -0.37291], [104.45012, -0.37332], [104.45013, -0.3742], [104.45, -0.37536], [104.44995, -0.37646], [104.44987, -0.37725], [104.44992, -0.37805], [104.44995, -0.37824], [104.45016, -0.37881], [104.45053, -0.37952], [104.45139, -0.38052], [104.452, -0.38096], [104.45212, -0.38109], [104.4523, -0.38175], [104.45233, -0.38201], [104.45224, -0.38435], [104.45211, -0.38473], [104.45132, -0.38608], [104.45128, -0.38624], [104.45126, -0.38674], [104.45145, -0.38754], [104.45153, -0.38814], [104.45195, -0.38968], [104.452, -0.38996], [104.45208, -0.39094], [104.45212, -0.39108], [104.45218, -0.39123], [104.45285, -0.39213], [104.45345, -0.39279], [104.45355, -0.39296], [104.45361, -0.39315], [104.45384, -0.39345], [104.454, -0.39361], [104.45459, -0.39402], [104.45477, -0.39418], [104.45502, -0.39454], [104.45572, -0.39679], [104.45591, -0.39765], [104.45627, -0.39889], [104.45629, -0.39912], [104.45624, -0.39948], [104.45613, -0.3996], [104.45553, -0.39982], [104.4551, -0.3999], [104.45418, -0.40014], [104.45194, -0.40086], [104.45136, -0.40118], [104.45083, -0.40168], [104.45068, -0.4018], [104.45049, -0.40189], [104.45018, -0.40199], [104.44912, -0.40221], [104.44866, -0.40239], [104.44837, -0.40246], [104.44798, -0.40249], [104.44748, -0.40271], [104.44694, -0.40307], [104.44524, -0.40363], [104.44443, -0.40397], [104.44432, -0.40404], [104.44426, -0.40413], [104.44423, -0.40426], [104.44424, -0.40447], [104.4445, -0.4052], [104.44457, -0.40552], [104.44457, -0.40571], [104.44449, -0.40615], [104.4444, -0.40629], [104.44414, -0.40632], [104.44377, -0.40617], [104.44362, -0.40617], [104.44351, -0.40622], [104.44335, -0.40624], [104.44323, -0.40619], [104.44305, -0.40605], [104.443, -0.40596], [104.44297, -0.40579], [104.44278, -0.40563], [104.44148, -0.40501], [104.44118, -0.40495], [104.44041, -0.40494], [104.44001, -0.40498], [104.43904, -0.40548], [104.43809, -0.4056], [104.43781, -0.40571], [104.43764, -0.4059], [104.43729, -0.40619], [104.43676, -0.4064], [104.43646, -0.40658], [104.43578, -0.40712], [104.4351, -0.40743], [104.43485, -0.40759]]}}, {"type": "Feature", "properties": {"k": "setapak", "n": null, "lapisan": "roads"}, "geometry": {"type": "LineString", "coordinates": [[104.42636, -0.39383], [104.42608, -0.39371], [104.42503, -0.39304], [104.42472, -0.39289], [104.42447, -0.3926], [104.42441, -0.39216], [104.42433, -0.39192], [104.42419, -0.39174], [104.42372, -0.3913], [104.42359, -0.3912], [104.42337, -0.39111], [104.42279, -0.39096], [104.42265, -0.39087], [104.42253, -0.39066], [104.42254, -0.39051], [104.42265, -0.39017]]}}, {"type": "Feature", "properties": {"k": "lingkungan", "n": null, "lapisan": "roads"}, "geometry": {"type": "LineString", "coordinates": [[104.42577, -0.39126], [104.42659, -0.39113]]}}, {"type": "Feature", "properties": {"k": "lingkungan", "n": null, "lapisan": "roads"}, "geometry": {"type": "LineString", "coordinates": [[104.43835, -0.35613], [104.43854, -0.35598], [104.4386, -0.35584]]}}, {"type": "Feature", "properties": {"k": "lingkungan", "n": null, "lapisan": "roads"}, "geometry": {"type": "LineString", "coordinates": [[104.44011, -0.35804], [104.44, -0.35811], [104.43987, -0.35812], [104.43964, -0.35807], [104.43943, -0.35788], [104.43938, -0.35775], [104.43923, -0.35758], [104.43917, -0.35743], [104.43921, -0.35735], [104.43932, -0.35727], [104.43952, -0.35704], [104.43971, -0.357], [104.43986, -0.35693]]}}, {"type": "Feature", "properties": {"k": "utama", "n": null, "lapisan": "roads"}, "geometry": {"type": "LineString", "coordinates": [[104.44096, -0.36154], [104.44116, -0.36134]]}}, {"type": "Feature", "properties": {"k": "lingkungan", "n": null, "lapisan": "roads"}, "geometry": {"type": "LineString", "coordinates": [[104.40001, -0.41055], [104.40005, -0.41037], [104.39968, -0.41017], [104.39928, -0.41003], [104.39912, -0.4099], [104.39909, -0.40973]]}}, {"type": "Feature", "properties": {"k": "lingkungan", "n": null, "lapisan": "roads"}, "geometry": {"type": "LineString", "coordinates": [[104.40331, -0.40993], [104.4033, -0.4097], [104.40327, -0.40965], [104.40291, -0.40964], [104.40278, -0.4096], [104.40275, -0.40955], [104.40276, -0.40948], [104.4029, -0.40923], [104.40302, -0.40868], [104.40301, -0.40855]]}}, {"type": "Feature", "properties": {"k": "lingkungan", "n": null, "lapisan": "roads"}, "geometry": {"type": "LineString", "coordinates": [[104.40001, -0.29244], [104.40002, -0.29311], [104.40012, -0.29336], [104.40007, -0.29349], [104.39954, -0.29378], [104.39884, -0.29399], [104.39869, -0.29411], [104.39783, -0.29497], [104.39727, -0.29576], [104.39674, -0.29644], [104.39567, -0.29778], [104.39545, -0.29796], [104.39524, -0.29826], [104.39517, -0.29864], [104.3949, -0.29938], [104.39461, -0.29992], [104.39457, -0.30007], [104.39479, -0.30074], [104.39476, -0.30092], [104.39464, -0.30106], [104.3944, -0.3012], [104.3939, -0.30133], [104.3937, -0.30135], [104.39352, -0.30146], [104.39348, -0.30156], [104.39354, -0.30191], [104.39355, -0.30223], [104.39342, -0.30314], [104.3933, -0.30317], [104.3921, -0.30324]]}}, {"type": "Feature", "properties": {"k": "setapak", "n": null, "lapisan": "roads"}, "geometry": {"type": "LineString", "coordinates": [[104.40633, -0.40857], [104.40636, -0.40848], [104.40636, -0.40829], [104.40629, -0.40808], [104.40625, -0.40724], [104.40633, -0.40697], [104.4064, -0.40629], [104.40675, -0.40611], [104.40679, -0.40606], [104.40671, -0.40577], [104.40672, -0.40557], [104.40651, -0.40523]]}}, {"type": "Feature", "properties": {"k": "lingkungan", "n": null, "lapisan": "roads"}, "geometry": {"type": "LineString", "coordinates": [[104.42839, -0.38924], [104.4283, -0.38917], [104.42774, -0.38895], [104.42759, -0.38897], [104.42736, -0.38894], [104.42713, -0.3888], [104.42688, -0.38874]]}}, {"type": "Feature", "properties": {"k": "lingkungan", "n": null, "lapisan": "roads"}, "geometry": {"type": "LineString", "coordinates": [[104.43697, -0.35329], [104.43709, -0.35306], [104.43704, -0.35285], [104.4363, -0.35242]]}}, {"type": "Feature", "properties": {"k": "lingkungan", "n": null, "lapisan": "roads"}, "geometry": {"type": "LineString", "coordinates": [[104.44126, -0.36059], [104.44185, -0.36036], [104.44235, -0.36022]]}}, {"type": "Feature", "properties": {"k": "lingkungan", "n": null, "lapisan": "roads"}, "geometry": {"type": "LineString", "coordinates": [[104.43899, -0.36273], [104.43905, -0.36269], [104.43917, -0.36232], [104.43917, -0.36221]]}}, {"type": "Feature", "properties": {"k": "lingkungan", "n": null, "lapisan": "roads"}, "geometry": {"type": "LineString", "coordinates": [[104.43985, -0.36206], [104.43981, -0.36307]]}}, {"type": "Feature", "properties": {"k": "lingkungan", "n": null, "lapisan": "roads"}, "geometry": {"type": "LineString", "coordinates": [[104.55033, -0.40829], [104.54992, -0.40848], [104.5498, -0.40841], [104.5491, -0.40748]]}}, {"type": "Feature", "properties": {"k": "lingkungan", "n": null, "lapisan": "roads"}, "geometry": {"type": "LineString", "coordinates": [[104.54848, -0.40713], [104.54852, -0.40734], [104.54866, -0.40743]]}}, {"type": "Feature", "properties": {"k": "lingkungan", "n": null, "lapisan": "roads"}, "geometry": {"type": "LineString", "coordinates": [[104.54949, -0.40665], [104.54921, -0.40696], [104.54893, -0.40717], [104.54826, -0.40778]]}}, {"type": "Feature", "properties": {"k": "lingkungan", "n": null, "lapisan": "roads"}, "geometry": {"type": "LineString", "coordinates": [[104.54893, -0.40717], [104.5487, -0.40696], [104.5483, -0.40672], [104.54808, -0.40653], [104.54793, -0.40645]]}}, {"type": "Feature", "properties": {"k": "lingkungan", "n": null, "lapisan": "roads"}, "geometry": {"type": "LineString", "coordinates": [[104.54863, -0.40746], [104.54877, -0.40753], [104.54892, -0.40753], [104.5491, -0.40748], [104.54934, -0.40733], [104.54975, -0.40717]]}}, {"type": "Feature", "properties": {"k": "lingkungan", "n": null, "lapisan": "roads"}, "geometry": {"type": "LineString", "coordinates": [[104.53639, -0.26228], [104.53667, -0.26131], [104.53676, -0.26115], [104.5373, -0.26066], [104.53839, -0.25953], [104.53917, -0.25885], [104.53968, -0.2586], [104.54044, -0.25831], [104.54175, -0.25769], [104.54203, -0.25752], [104.54249, -0.25712]]}}, {"type": "Feature", "properties": {"k": "lingkungan", "n": null, "lapisan": "roads"}, "geometry": {"type": "LineString", "coordinates": [[104.53676, -0.26115], [104.53636, -0.26073]]}}, {"type": "Feature", "properties": {"k": "lingkungan", "n": null, "lapisan": "roads"}, "geometry": {"type": "LineString", "coordinates": [[104.51757, -0.36919], [104.51746, -0.36866], [104.51688, -0.36747], [104.5168, -0.36735], [104.5162, -0.36677], [104.5162, -0.36653], [104.51637, -0.36575], [104.51643, -0.3652]]}}, {"type": "Feature", "properties": {"k": "lingkungan", "n": null, "lapisan": "roads"}, "geometry": {"type": "LineString", "coordinates": [[104.51007, -0.36634], [104.50997, -0.36634], [104.50944, -0.36619], [104.50913, -0.36608], [104.50906, -0.36601], [104.50908, -0.36568], [104.50916, -0.36537], [104.50934, -0.36503], [104.5097, -0.3645]]}}, {"type": "Feature", "properties": {"k": "lingkungan", "n": null, "lapisan": "roads"}, "geometry": {"type": "LineString", "coordinates": [[104.53888, -0.39123], [104.53765, -0.39195]]}}, {"type": "Feature", "properties": {"k": "setapak", "n": null, "lapisan": "roads"}, "geometry": {"type": "LineString", "coordinates": [[104.50643, -0.36383], [104.50704, -0.36142]]}}, {"type": "Feature", "properties": {"k": "lingkungan", "n": null, "lapisan": "roads"}, "geometry": {"type": "LineString", "coordinates": [[104.53797, -0.39177], [104.53743, -0.39133], [104.53711, -0.39128], [104.53699, -0.3911]]}}, {"type": "Feature", "properties": {"k": "setapak", "n": null, "lapisan": "roads"}, "geometry": {"type": "LineString", "coordinates": [[104.50672, -0.45608], [104.50682, -0.45628], [104.50681, -0.45639], [104.50646, -0.4569], [104.50624, -0.45711], [104.50612, -0.45728], [104.50581, -0.4575], [104.5051, -0.45772], [104.50455, -0.45777], [104.50403, -0.45786], [104.50377, -0.45805], [104.50301, -0.45825], [104.5029, -0.45832], [104.50272, -0.45853], [104.50237, -0.45866], [104.50213, -0.45869], [104.50192, -0.4588]]}}, {"type": "Feature", "properties": {"k": "setapak", "n": null, "lapisan": "roads"}, "geometry": {"type": "LineString", "coordinates": [[104.52402, -0.44902], [104.52393, -0.449], [104.52382, -0.44889], [104.52352, -0.44816], [104.52325, -0.44813], [104.52308, -0.44815], [104.52291, -0.44811], [104.52277, -0.44803], [104.5227, -0.44796], [104.52263, -0.44776], [104.52237, -0.44734], [104.52228, -0.44724], [104.5221, -0.44717], [104.52179, -0.44713], [104.52159, -0.44707], [104.52111, -0.44689], [104.5208, -0.44673], [104.52068, -0.44673], [104.5199, -0.44709], [104.51945, -0.44717], [104.51915, -0.44712], [104.51872, -0.44717], [104.51811, -0.44711], [104.51786, -0.44702], [104.51773, -0.44685], [104.51763, -0.4465], [104.51755, -0.44553], [104.51732, -0.44443], [104.51745, -0.44396], [104.51741, -0.4437], [104.51729, -0.44351], [104.51682, -0.44306], [104.51627, -0.44277], [104.51582, -0.44246], [104.51493, -0.44214], [104.51457, -0.44215], [104.51427, -0.44209], [104.51405, -0.44211], [104.51391, -0.44217], [104.51377, -0.44235], [104.51358, -0.44246], [104.5132, -0.4424], [104.51232, -0.44233], [104.51152, -0.44216], [104.51001, -0.4412], [104.50988, -0.44103], [104.50981, -0.4406]]}}, {"type": "Feature", "properties": {"k": "lingkungan", "n": null, "lapisan": "roads"}, "geometry": {"type": "LineString", "coordinates": [[104.52443, -0.44894], [104.52433, -0.44868], [104.52438, -0.4484], [104.52445, -0.44822], [104.52466, -0.44802], [104.52505, -0.44794]]}}, {"type": "Feature", "properties": {"k": "lingkungan", "n": null, "lapisan": "roads"}, "geometry": {"type": "LineString", "coordinates": [[104.54292, -0.39756], [104.54256, -0.39788], [104.54228, -0.398], [104.54187, -0.39836]]}}, {"type": "Feature", "properties": {"k": "lingkungan", "n": null, "lapisan": "roads"}, "geometry": {"type": "LineString", "coordinates": [[104.54421, -0.39884], [104.54362, -0.39919], [104.54357, -0.39925], [104.54354, -0.3995], [104.54339, -0.39962], [104.54329, -0.39964], [104.54321, -0.39958], [104.54292, -0.39903], [104.54228, -0.398]]}}, {"type": "Feature", "properties": {"k": "setapak", "n": null, "lapisan": "roads"}, "geometry": {"type": "LineString", "coordinates": [[104.54187, -0.39836], [104.54139, -0.39865], [104.54067, -0.39896], [104.5404, -0.39911], [104.53968, -0.39943], [104.5391, -0.39962], [104.5387, -0.39997], [104.53832, -0.40042], [104.53793, -0.40067], [104.53739, -0.40113], [104.53704, -0.40152]]}}, {"type": "Feature", "properties": {"k": "lingkungan", "n": null, "lapisan": "roads"}, "geometry": {"type": "LineString", "coordinates": [[104.54864, -0.44702], [104.54927, -0.44804], [104.55005, -0.44847], [104.55059, -0.44872], [104.55159, -0.449], [104.55212, -0.4492], [104.55259, -0.44942], [104.55333, -0.44968], [104.55352, -0.4497], [104.55388, -0.44965], [104.55428, -0.44955]]}}, {"type": "Feature", "properties": {"k": "lingkungan", "n": null, "lapisan": "roads"}, "geometry": {"type": "LineString", "coordinates": [[104.55715, -0.45238], [104.5577, -0.45142], [104.55812, -0.45113], [104.5585, -0.45102], [104.55873, -0.45104], [104.5589, -0.45119], [104.55905, -0.45139], [104.55925, -0.45177], [104.55948, -0.45205], [104.55977, -0.45215], [104.56032, -0.45219], [104.56096, -0.45236], [104.56133, -0.45237], [104.56201, -0.45276], [104.56264, -0.45288], [104.56284, -0.45287], [104.56308, -0.4528], [104.56407, -0.45189], [104.56442, -0.45184], [104.56484, -0.45198], [104.565, -0.4521], [104.56572, -0.4535], [104.56579, -0.45367], [104.56583, -0.45394], [104.56592, -0.45411], [104.56688, -0.45487], [104.56717, -0.45515], [104.5671, -0.45558], [104.56712, -0.45564], [104.56783, -0.45637], [104.56807, -0.45678], [104.56836, -0.4571], [104.56872, -0.45775], [104.56906, -0.45859], [104.56965, -0.45888], [104.57049, -0.45942], [104.57082, -0.45955], [104.5714, -0.45963], [104.57206, -0.46003], [104.57212, -0.46002], [104.57249, -0.45975], [104.57261, -0.45978], [104.57285, -0.45998], [104.57295, -0.45999], [104.57306, -0.45993], [104.57351, -0.45946], [104.57367, -0.45937], [104.57387, -0.45932], [104.57433, -0.4593], [104.57476, -0.45936], [104.57505, -0.45935], [104.57524, -0.45929], [104.57577, -0.4589], [104.57627, -0.45846], [104.5766, -0.45826], [104.5768, -0.45819], [104.57699, -0.45816], [104.57719, -0.45822], [104.5774, -0.45835]]}}, {"type": "Feature", "properties": {"k": "lokal", "n": null, "lapisan": "roads"}, "geometry": {"type": "LineString", "coordinates": [[104.52179, -0.44001], [104.52236, -0.44051], [104.52259, -0.44078], [104.52314, -0.44121], [104.52334, -0.44127], [104.52379, -0.44131], [104.52432, -0.44146], [104.52447, -0.44153], [104.52475, -0.44176], [104.52519, -0.44198], [104.52541, -0.44215], [104.52635, -0.44221], [104.52676, -0.44218], [104.52722, -0.44204], [104.52762, -0.44186], [104.52799, -0.44164], [104.52811, -0.44165], [104.52846, -0.44184], [104.52852, -0.44193], [104.52851, -0.44229], [104.52867, -0.44258], [104.52879, -0.44296], [104.52884, -0.44303], [104.52892, -0.44306], [104.52924, -0.44306], [104.52983, -0.4429], [104.53066, -0.44293], [104.53107, -0.44272], [104.53131, -0.44266], [104.53146, -0.44269], [104.5319, -0.44288], [104.53244, -0.44303], [104.53302, -0.44307], [104.53324, -0.44299], [104.53374, -0.44271], [104.53395, -0.44268], [104.53412, -0.44275], [104.53455, -0.44303], [104.53475, -0.44311], [104.53517, -0.4432], [104.53544, -0.4432], [104.53573, -0.44314], [104.53614, -0.44318], [104.53675, -0.44297], [104.53717, -0.44277], [104.53759, -0.44227], [104.53811, -0.44141], [104.53836, -0.44126], [104.53867, -0.44126], [104.5398, -0.44147], [104.53991, -0.44145], [104.54006, -0.44138], [104.54026, -0.44119], [104.54066, -0.44062], [104.54117, -0.44022], [104.54139, -0.4401], [104.54179, -0.43997], [104.54288, -0.43977], [104.54304, -0.43984], [104.54312, -0.43995], [104.5433, -0.44028], [104.54354, -0.44062], [104.54377, -0.44113], [104.54447, -0.44186], [104.54488, -0.44249], [104.54541, -0.44318], [104.54592, -0.44348], [104.54693, -0.44426], [104.54771, -0.44453], [104.54792, -0.44455], [104.5484, -0.4442], [104.54849, -0.4441], [104.54886, -0.44393], [104.54962, -0.44369], [104.54973, -0.44371], [104.55022, -0.44399], [104.55051, -0.44392], [104.5509, -0.44354], [104.5511, -0.44346], [104.55132, -0.44342], [104.55156, -0.44355], [104.55206, -0.44399], [104.55275, -0.44472], [104.55314, -0.44523], [104.5544, -0.4465], [104.55453, -0.4466], [104.55473, -0.44669], [104.55579, -0.44707], [104.55617, -0.44732], [104.55631, -0.44752], [104.55636, -0.44767], [104.55675, -0.44928], [104.55684, -0.44991], [104.55689, -0.45128], [104.55697, -0.45166], [104.55709, -0.45203], [104.55715, -0.45238], [104.55705, -0.45297], [104.55747, -0.45459], [104.55746, -0.45481], [104.5574, -0.45496], [104.55613, -0.45655], [104.55592, -0.4569], [104.55591, -0.45722], [104.556, -0.45784], [104.55607, -0.45815], [104.55616, -0.45834], [104.5565, -0.45887], [104.55675, -0.45944], [104.55702, -0.45976], [104.55741, -0.46032], [104.55816, -0.46161], [104.55853, -0.46232], [104.55911, -0.46309], [104.5592, -0.46329], [104.55926, -0.46355], [104.55926, -0.46452], [104.55922, -0.46477], [104.55914, -0.46516], [104.55887, -0.46566], [104.55871, -0.46575], [104.55844, -0.46581], [104.55704, -0.46594], [104.55692, -0.46602], [104.5569, -0.46608], [104.55691, -0.46636], [104.55707, -0.46664], [104.55739, -0.46692], [104.55758, -0.46704], [104.55785, -0.46712], [104.55872, -0.4671], [104.55928, -0.46717], [104.5596, -0.46739], [104.55981, -0.46742], [104.56039, -0.46803], [104.56047, -0.46825], [104.56056, -0.46879], [104.56055, -0.46898], [104.56048, -0.46916], [104.56036, -0.46935], [104.56008, -0.46959], [104.5597, -0.46982], [104.55939, -0.46995], [104.55862, -0.47014], [104.55775, -0.47072], [104.5573, -0.47119], [104.55648, -0.47169], [104.55637, -0.47185], [104.55633, -0.47197], [104.55638, -0.47261], [104.55635, -0.47283], [104.55631, -0.47293], [104.55617, -0.47304], [104.55536, -0.47351], [104.55432, -0.4739], [104.55329, -0.47434], [104.5528, -0.47467], [104.55263, -0.47487], [104.55258, -0.475], [104.55255, -0.47518], [104.55257, -0.47528], [104.55266, -0.47553], [104.55287, -0.47586], [104.55303, -0.47603], [104.55325, -0.4762], [104.55362, -0.4764], [104.55379, -0.47654], [104.55392, -0.47675], [104.55396, -0.47703], [104.55385, -0.47729], [104.55344, -0.47778], [104.55325, -0.47807], [104.5532, -0.47827], [104.5532, -0.47847], [104.55338, -0.47964], [104.5535, -0.48003], [104.55372, -0.4803], [104.55459, -0.48108], [104.55507, -0.48157], [104.5553, -0.48194], [104.55536, -0.48225], [104.55552, -0.4827], [104.55583, -0.48301], [104.55614, -0.48314], [104.55615, -0.48326]]}}, {"type": "Feature", "properties": {"k": "lingkungan", "n": null, "lapisan": "roads"}, "geometry": {"type": "LineString", "coordinates": [[104.58554, -0.45649], [104.58018, -0.45319], [104.57933, -0.45273], [104.5789, -0.45254], [104.57744, -0.45137]]}}, {"type": "Feature", "properties": {"k": "setapak", "n": null, "lapisan": "roads"}, "geometry": {"type": "LineString", "coordinates": [[104.44485, -0.42244], [104.44489, -0.42266], [104.44476, -0.42295], [104.44453, -0.42314], [104.44423, -0.42333], [104.444, -0.42363], [104.4441, -0.42382], [104.44408, -0.4239], [104.44397, -0.42406]]}}, {"type": "Feature", "properties": {"k": "setapak", "n": null, "lapisan": "roads"}, "geometry": {"type": "LineString", "coordinates": [[104.45001, -0.42195], [104.44966, -0.42093]]}}, {"type": "Feature", "properties": {"k": "setapak", "n": null, "lapisan": "roads"}, "geometry": {"type": "LineString", "coordinates": [[104.44699, -0.42662], [104.44686, -0.4267], [104.44673, -0.4267], [104.44664, -0.42664], [104.44663, -0.42657], [104.44656, -0.42649], [104.44636, -0.42636], [104.44622, -0.42613], [104.4462, -0.42587], [104.44614, -0.42563], [104.44605, -0.42551], [104.4459, -0.42547], [104.4458, -0.42535], [104.44575, -0.42524], [104.44574, -0.4251], [104.44562, -0.42499], [104.44561, -0.42488], [104.44556, -0.42479], [104.44519, -0.42448], [104.44489, -0.42416], [104.44472, -0.42409], [104.44455, -0.4239], [104.44437, -0.4238], [104.44407, -0.42352]]}}, {"type": "Feature", "properties": {"k": "setapak", "n": null, "lapisan": "roads"}, "geometry": {"type": "LineString", "coordinates": [[104.43108, -0.40746], [104.43109, -0.40738], [104.43095, -0.40705], [104.43104, -0.40637], [104.43106, -0.40588], [104.43103, -0.40566], [104.43065, -0.40418], [104.43038, -0.40352], [104.43015, -0.40284], [104.42971, -0.40194], [104.4293, -0.40098], [104.42905, -0.40054], [104.42867, -0.39971], [104.42827, -0.3983]]}}, {"type": "Feature", "properties": {"k": "setapak", "n": null, "lapisan": "roads"}, "geometry": {"type": "LineString", "coordinates": [[104.4293, -0.40098], [104.42952, -0.40083], [104.4299, -0.40068], [104.43033, -0.40046], [104.43055, -0.40041], [104.43092, -0.40015], [104.43128, -0.4], [104.43134, -0.39986]]}}, {"type": "Feature", "properties": {"k": "lokal", "n": null, "lapisan": "roads"}, "geometry": {"type": "LineString", "coordinates": [[104.44226, -0.41971], [104.44217, -0.41992]]}}, {"type": "Feature", "properties": {"k": "lingkungan", "n": null, "lapisan": "roads"}, "geometry": {"type": "LineString", "coordinates": [[104.44826, -0.43376], [104.44867, -0.43376], [104.44923, -0.43394], [104.44944, -0.43394], [104.44953, -0.43387], [104.44961, -0.43375]]}}, {"type": "Feature", "properties": {"k": "lingkungan", "n": null, "lapisan": "roads"}, "geometry": {"type": "LineString", "coordinates": [[104.45356, -0.43885], [104.45245, -0.43875], [104.45237, -0.43859], [104.45235, -0.43846]]}}, {"type": "Feature", "properties": {"k": "lingkungan", "n": null, "lapisan": "roads"}, "geometry": {"type": "LineString", "coordinates": [[104.44767, -0.43808], [104.44705, -0.43819]]}}, {"type": "Feature", "properties": {"k": "lingkungan", "n": null, "lapisan": "roads"}, "geometry": {"type": "LineString", "coordinates": [[104.44717, -0.43816], [104.44721, -0.43848]]}}, {"type": "Feature", "properties": {"k": "lingkungan", "n": null, "lapisan": "roads"}, "geometry": {"type": "LineString", "coordinates": [[104.44773, -0.43843], [104.44707, -0.4385]]}}, {"type": "Feature", "properties": {"k": "lokal", "n": null, "lapisan": "roads"}, "geometry": {"type": "LineString", "coordinates": [[104.55022, -0.44399], [104.5503, -0.44425], [104.55016, -0.44469], [104.54985, -0.44531], [104.54965, -0.44556], [104.54937, -0.44583], [104.54888, -0.44611], [104.54878, -0.44633], [104.54878, -0.44668], [104.54864, -0.44702], [104.54855, -0.44708], [104.54843, -0.44709], [104.54823, -0.44706], [104.54744, -0.44705], [104.54732, -0.4471], [104.54671, -0.44754], [104.54624, -0.44778], [104.54602, -0.44783], [104.54571, -0.44783], [104.54531, -0.44774], [104.54491, -0.44749], [104.54473, -0.4473], [104.54426, -0.44705], [104.54408, -0.44698], [104.54377, -0.44692], [104.54329, -0.44671], [104.54278, -0.44656], [104.5422, -0.44646], [104.54098, -0.44634], [104.5389, -0.44595], [104.53766, -0.44559], [104.5367, -0.44557], [104.53651, -0.44554], [104.53479, -0.44558], [104.53343, -0.44566], [104.53154, -0.44589], [104.53007, -0.4462], [104.52899, -0.44681], [104.52856, -0.44695], [104.52835, -0.44708], [104.52821, -0.44718], [104.52803, -0.4474], [104.52769, -0.44773], [104.52705, -0.44821], [104.52657, -0.44851], [104.52598, -0.4488], [104.52544, -0.44902], [104.5252, -0.44905], [104.52483, -0.44903], [104.52443, -0.44894], [104.52421, -0.44895], [104.52402, -0.44902], [104.52389, -0.44912], [104.5237, -0.44939], [104.52332, -0.45013], [104.52289, -0.45052], [104.52272, -0.45063], [104.52257, -0.45069], [104.52194, -0.45078], [104.52175, -0.45084], [104.52119, -0.45117], [104.52056, -0.45168], [104.52034, -0.45179], [104.52014, -0.45186], [104.51908, -0.45204], [104.51811, -0.45243], [104.51786, -0.4526], [104.51752, -0.45314], [104.51732, -0.45328], [104.51684, -0.45351], [104.5166, -0.45356], [104.51599, -0.45348], [104.51533, -0.45344], [104.51488, -0.45357], [104.51443, -0.45363], [104.51378, -0.45355], [104.51323, -0.45359], [104.51268, -0.45372], [104.5119, -0.45408], [104.51149, -0.45441], [104.51137, -0.45446], [104.51076, -0.45447], [104.51052, -0.45451], [104.5099, -0.45482], [104.50925, -0.455], [104.50901, -0.45515], [104.50872, -0.45553], [104.50858, -0.45578], [104.50827, -0.45606], [104.50794, -0.4562], [104.50752, -0.45631], [104.50718, -0.4563], [104.50672, -0.45608], [104.50622, -0.45566], [104.50496, -0.45447], [104.50434, -0.45399], [104.50362, -0.45362], [104.50301, -0.45342], [104.50255, -0.453], [104.50193, -0.45277], [104.50112, -0.45207], [104.50048, -0.45175], [104.50005, -0.45158], [104.49918, -0.45156], [104.49858, -0.45162], [104.4985, -0.45161], [104.49812, -0.45143], [104.49744, -0.45132], [104.49666, -0.45128], [104.49637, -0.45121], [104.49566, -0.45122], [104.49514, -0.45114], [104.49435, -0.45114], [104.49375, -0.45106], [104.49319, -0.45092], [104.49287, -0.45092], [104.49261, -0.45088], [104.49193, -0.45057], [104.49161, -0.45052], [104.49126, -0.45055], [104.49092, -0.45052], [104.49036, -0.45031], [104.4899, -0.45025], [104.48971, -0.45016], [104.48939, -0.45009], [104.4891, -0.45014], [104.48866, -0.45031], [104.48791, -0.45029], [104.48727, -0.45045], [104.48634, -0.45078], [104.48589, -0.45068], [104.48558, -0.45056], [104.48535, -0.45039], [104.48478, -0.44975], [104.48448, -0.44952], [104.48417, -0.44941], [104.48356, -0.44904], [104.48269, -0.44849], [104.48196, -0.44793], [104.48138, -0.44734], [104.48077, -0.44679], [104.47934, -0.44564], [104.47899, -0.44549], [104.47823, -0.44528], [104.4776, -0.44521], [104.47698, -0.44507], [104.47644, -0.44492], [104.47611, -0.44477], [104.47591, -0.44462], [104.47556, -0.44413], [104.4753, -0.4437], [104.47516, -0.44334], [104.47502, -0.4431], [104.47481, -0.44291], [104.47425, -0.44254], [104.47306, -0.44182], [104.47256, -0.44158], [104.47202, -0.44142], [104.47138, -0.44135], [104.47076, -0.44123], [104.47045, -0.44111], [104.46975, -0.44072], [104.46801, -0.43944], [104.46724, -0.43896], [104.46607, -0.43817], [104.46501, -0.4376], [104.46437, -0.4373], [104.46421, -0.43718], [104.46293, -0.43589], [104.46257, -0.43546], [104.46253, -0.43535], [104.46249, -0.435], [104.4623, -0.43482], [104.46221, -0.43477], [104.46204, -0.43474], [104.46181, -0.43484], [104.46166, -0.43483], [104.46135, -0.43469], [104.46115, -0.43456], [104.46067, -0.43412], [104.46014, -0.4338], [104.45893, -0.4333], [104.45731, -0.43289], [104.45713, -0.43279], [104.45702, -0.43271], [104.45681, -0.43234], [104.4566, -0.43206], [104.45603, -0.43151], [104.45572, -0.4311], [104.4552, -0.43068], [104.45463, -0.42975], [104.45344, -0.42855], [104.45341, -0.42813], [104.45344, -0.42796], [104.45392, -0.42715], [104.45401, -0.42686], [104.45391, -0.42601], [104.45366, -0.42504], [104.45355, -0.42482], [104.45294, -0.42465], [104.45274, -0.42456], [104.45254, -0.42441], [104.45181, -0.42377], [104.45164, -0.42353], [104.45157, -0.42337], [104.45155, -0.42329], [104.45159, -0.42297], [104.45163, -0.42285], [104.45176, -0.4227], [104.45179, -0.42208], [104.45203, -0.42163], [104.45205, -0.42145], [104.452, -0.42127], [104.45204, -0.42112], [104.45215, -0.4208], [104.4525, -0.42033], [104.45258, -0.4201], [104.45251, -0.41999]]}}, {"type": "Feature", "properties": {"k": "lingkungan", "n": null, "lapisan": "roads"}, "geometry": {"type": "LineString", "coordinates": [[104.4162, -0.40149], [104.41585, -0.4015], [104.41491, -0.40117], [104.41467, -0.40119]]}}, {"type": "Feature", "properties": {"k": "setapak", "n": null, "lapisan": "roads"}, "geometry": {"type": "LineString", "coordinates": [[104.45379, -0.41529], [104.45364, -0.41547], [104.4536, -0.41566], [104.45361, -0.41593], [104.45372, -0.41656], [104.4539, -0.4167], [104.45435, -0.41695], [104.4545, -0.41694], [104.45487, -0.4168], [104.455, -0.41686], [104.45505, -0.41694]]}}, {"type": "Feature", "properties": {"k": "lingkungan", "n": null, "lapisan": "roads"}, "geometry": {"type": "LineString", "coordinates": [[104.45702, -0.43271], [104.45685, -0.43279], [104.45669, -0.4328], [104.45647, -0.4329], [104.45579, -0.43295], [104.4553, -0.43311], [104.45505, -0.43314]]}}, {"type": "Feature", "properties": {"k": "setapak", "n": null, "lapisan": "roads"}, "geometry": {"type": "LineString", "coordinates": [[104.45545, -0.42346], [104.4554, -0.42361], [104.45529, -0.42373], [104.45471, -0.42416], [104.45365, -0.42472], [104.45355, -0.42482]]}}, {"type": "Feature", "properties": {"k": "setapak", "n": null, "lapisan": "roads"}, "geometry": {"type": "LineString", "coordinates": [[104.42089, -0.42357], [104.41903, -0.42021], [104.4166, -0.41546], [104.41648, -0.41508], [104.41609, -0.4133], [104.41587, -0.41272], [104.4157, -0.41245], [104.41554, -0.41232], [104.41431, -0.41164], [104.41404, -0.41153], [104.41251, -0.41066], [104.41089, -0.40966]]}}, {"type": "Feature", "properties": {"k": "lingkungan", "n": null, "lapisan": "roads"}, "geometry": {"type": "LineString", "coordinates": [[104.43849, -0.42082], [104.4382, -0.42145], [104.43796, -0.42156], [104.4379, -0.42175], [104.43772, -0.42175], [104.43704, -0.42163], [104.43644, -0.42161], [104.43628, -0.42154], [104.43585, -0.42114], [104.4356, -0.42097], [104.43483, -0.42077], [104.4345, -0.42065], [104.43355, -0.42022], [104.43332, -0.4202], [104.43253, -0.42024], [104.43194, -0.42033], [104.43174, -0.42032], [104.43145, -0.42022], [104.43098, -0.41992], [104.43059, -0.41973], [104.43031, -0.41967], [104.42926, -0.41959], [104.42884, -0.41942], [104.42824, -0.41926], [104.42788, -0.41913], [104.42777, -0.41906], [104.42762, -0.41871], [104.42752, -0.41861], [104.42726, -0.41845], [104.42583, -0.41795], [104.42527, -0.41787], [104.42491, -0.41772], [104.42487, -0.41755], [104.42495, -0.41691], [104.42505, -0.41645], [104.42503, -0.41633], [104.42463, -0.4164], [104.42425, -0.41638], [104.42406, -0.41631], [104.42392, -0.41618], [104.42385, -0.41604], [104.42443, -0.41514], [104.42452, -0.41492], [104.42466, -0.41436], [104.42489, -0.41395], [104.42497, -0.4137], [104.42502, -0.41339], [104.42521, -0.41268], [104.42549, -0.41187], [104.42611, -0.411], [104.42626, -0.41076], [104.42657, -0.41008], [104.42691, -0.40952], [104.42701, -0.40946]]}}, {"type": "Feature", "properties": {"k": "lingkungan", "n": null, "lapisan": "roads"}, "geometry": {"type": "LineString", "coordinates": [[104.44773, -0.43847], [104.44801, -0.4385], [104.44809, -0.4389]]}}, {"type": "Feature", "properties": {"k": "lingkungan", "n": null, "lapisan": "roads"}, "geometry": {"type": "LineString", "coordinates": [[104.44748, -0.43812], [104.44753, -0.43844]]}}, {"type": "Feature", "properties": {"k": "setapak", "n": null, "lapisan": "roads"}, "geometry": {"type": "LineString", "coordinates": [[104.45384, -0.42893], [104.45341, -0.4288], [104.45319, -0.4288], [104.45214, -0.42855], [104.45191, -0.42847], [104.45147, -0.42821], [104.44936, -0.42681], [104.44921, -0.42664], [104.44901, -0.42629], [104.44873, -0.42512], [104.44858, -0.42482], [104.44817, -0.42436], [104.44794, -0.42418], [104.44753, -0.42394], [104.44709, -0.42374], [104.44689, -0.42356]]}}, {"type": "Feature", "properties": {"k": "lingkungan", "n": null, "lapisan": "roads"}, "geometry": {"type": "LineString", "coordinates": [[104.45505, -0.41694], [104.45512, -0.4171], [104.45536, -0.41807], [104.45549, -0.41838]]}}, {"type": "Feature", "properties": {"k": "lokal", "n": null, "lapisan": "roads"}, "geometry": {"type": "LineString", "coordinates": [[104.45457, -0.35425], [104.45457, -0.35434], [104.45521, -0.35493], [104.45616, -0.3555], [104.45648, -0.35581], [104.45696, -0.3561], [104.45741, -0.35663], [104.4576, -0.3568], [104.45773, -0.35698], [104.45804, -0.35758], [104.45825, -0.35843], [104.45956, -0.36267], [104.4597, -0.36365], [104.45977, -0.36378], [104.46014, -0.36418], [104.46075, -0.36494], [104.46102, -0.36545], [104.4613, -0.36584], [104.46185, -0.3668], [104.4622, -0.36721], [104.46277, -0.36769], [104.46321, -0.36836], [104.46419, -0.36892], [104.46469, -0.36931], [104.46501, -0.36968], [104.46585, -0.37042], [104.46597, -0.37056], [104.46617, -0.3709], [104.46653, -0.37133], [104.46669, -0.37166], [104.46672, -0.37181], [104.46671, -0.37207], [104.46635, -0.37269], [104.46626, -0.37298], [104.46619, -0.37355], [104.46618, -0.37398], [104.46583, -0.37555], [104.46572, -0.37576], [104.46569, -0.37596], [104.46567, -0.37639], [104.4657, -0.3767], [104.46566, -0.37712], [104.46583, -0.37824], [104.46581, -0.37853], [104.46577, -0.37862], [104.46534, -0.37946], [104.4651, -0.3798], [104.46482, -0.38004], [104.46392, -0.38062], [104.46354, -0.38081], [104.46297, -0.38117], [104.46201, -0.38167], [104.46129, -0.38231], [104.46094, -0.38295], [104.46054, -0.38412], [104.46042, -0.38458], [104.4604, -0.38474], [104.46043, -0.38497], [104.46049, -0.38518], [104.46073, -0.38572], [104.46081, -0.38605], [104.46103, -0.38654], [104.46117, -0.38675], [104.46134, -0.38745], [104.46161, -0.38789], [104.4617, -0.38826], [104.46202, -0.38912], [104.46228, -0.38965], [104.46241, -0.38979], [104.46259, -0.38991], [104.46299, -0.39009], [104.46366, -0.39032], [104.4639, -0.39038], [104.46416, -0.39039], [104.4647, -0.39054], [104.46521, -0.39077], [104.46572, -0.39113], [104.46584, -0.39128], [104.46598, -0.39157], [104.46606, -0.39183], [104.4663, -0.39219], [104.46671, -0.3927], [104.46689, -0.39283], [104.46811, -0.39322], [104.46865, -0.39331], [104.46895, -0.3934], [104.46916, -0.39352], [104.46946, -0.39377], [104.4701, -0.39411], [104.47025, -0.39423], [104.47038, -0.3944], [104.47047, -0.39479], [104.47063, -0.39521], [104.47114, -0.39573], [104.47137, -0.39606], [104.47153, -0.39618], [104.47209, -0.39632], [104.47214, -0.39636], [104.47223, -0.39656], [104.4724, -0.39668], [104.4725, -0.39685], [104.47251, -0.39721], [104.47231, -0.39874], [104.47234, -0.39919], [104.47245, -0.39983], [104.47247, -0.40054], [104.47244, -0.40103], [104.47239, -0.40128], [104.47219, -0.40174], [104.47156, -0.40268], [104.47145, -0.40299], [104.47141, -0.40333], [104.47144, -0.40349], [104.47155, -0.40373], [104.47177, -0.40407], [104.47204, -0.40458], [104.4722, -0.40511], [104.47221, -0.40544], [104.47217, -0.40603], [104.47238, -0.40673], [104.47239, -0.40697], [104.4723, -0.40723], [104.47209, -0.40746], [104.472, -0.40759], [104.47194, -0.40775], [104.47198, -0.40791], [104.4722, -0.40827], [104.47226, -0.40846], [104.47243, -0.4088], [104.47256, -0.40913], [104.47261, -0.40936], [104.47257, -0.41021], [104.47262, -0.41094], [104.47175, -0.41126], [104.47141, -0.41143], [104.47026, -0.41187], [104.47, -0.412], [104.46935, -0.41219], [104.46921, -0.41232], [104.46911, -0.41264], [104.46875, -0.41293], [104.4685, -0.4132], [104.46833, -0.41333], [104.46818, -0.41354], [104.46751, -0.41419], [104.46721, -0.4144], [104.46689, -0.41447], [104.46631, -0.41451], [104.46553, -0.4147], [104.46433, -0.41483], [104.46352, -0.41512], [104.46314, -0.41536], [104.46225, -0.41607], [104.46197, -0.41624], [104.4617, -0.41646], [104.46099, -0.41726], [104.46049, -0.41774], [104.46041, -0.41778], [104.4602, -0.41777], [104.45989, -0.41767], [104.45975, -0.41767], [104.45961, -0.41769], [104.45903, -0.41794], [104.45824, -0.41863], [104.45718, -0.41932], [104.45696, -0.41937], [104.45673, -0.41932], [104.45627, -0.419], [104.45589, -0.41863], [104.45549, -0.41838], [104.45518, -0.41845], [104.45463, -0.41885], [104.45422, -0.41908], [104.4534, -0.41937], [104.45291, -0.41963], [104.45239, -0.42008], [104.45205, -0.42059], [104.45179, -0.42083], [104.45093, -0.42145], [104.45075, -0.42149], [104.45065, -0.42148], [104.45011, -0.42114], [104.44966, -0.42093], [104.44902, -0.41963], [104.44879, -0.41935], [104.44842, -0.41917], [104.44797, -0.41906], [104.44775, -0.41897], [104.44744, -0.41893], [104.44713, -0.41897], [104.44672, -0.41908], [104.44553, -0.41926], [104.44486, -0.41931], [104.44354, -0.41947], [104.44253, -0.41987], [104.44217, -0.41992], [104.44195, -0.41993], [104.44165, -0.41988], [104.44048, -0.41954], [104.4401, -0.41946], [104.43992, -0.41946], [104.43983, -0.41951], [104.43967, -0.41994], [104.439, -0.42095]]}}, {"type": "Feature", "properties": {"k": "setapak", "n": null, "lapisan": "roads"}, "geometry": {"type": "LineString", "coordinates": [[104.45075, -0.42149], [104.44857, -0.42289], [104.44689, -0.42356], [104.44485, -0.42244], [104.44402, -0.42186], [104.44384, -0.42169], [104.44349, -0.42127], [104.44307, -0.4206], [104.44253, -0.41987]]}}, {"type": "Feature", "properties": {"k": "lingkungan", "n": null, "lapisan": "roads"}, "geometry": {"type": "LineString", "coordinates": [[104.44917, -0.41993], [104.44924, -0.41984], [104.4494, -0.41975], [104.44944, -0.41969], [104.44949, -0.41946], [104.44949, -0.41931], [104.44945, -0.41925], [104.44939, -0.41921], [104.44922, -0.41918], [104.4487, -0.41918], [104.44856, -0.41922]]}}, {"type": "Feature", "properties": {"k": "lingkungan", "n": null, "lapisan": "roads"}, "geometry": {"type": "LineString", "coordinates": [[104.44945, -0.41925], [104.44945, -0.41902], [104.44948, -0.41895], [104.44978, -0.41858]]}}, {"type": "Feature", "properties": {"k": "lingkungan", "n": null, "lapisan": "roads"}, "geometry": {"type": "LineString", "coordinates": [[104.43772, -0.40581], [104.43794, -0.40594], [104.43857, -0.40621], [104.43864, -0.40633], [104.43867, -0.40698], [104.4386, -0.40734]]}}, {"type": "Feature", "properties": {"k": "lingkungan", "n": null, "lapisan": "roads"}, "geometry": {"type": "LineString", "coordinates": [[104.44414, -0.40632], [104.44482, -0.40722], [104.44524, -0.40766], [104.4456, -0.40774], [104.44586, -0.40765], [104.44655, -0.4073], [104.44677, -0.40726], [104.4469, -0.40741], [104.4471, -0.40797]]}}, {"type": "Feature", "properties": {"k": "lingkungan", "n": null, "lapisan": "roads"}, "geometry": {"type": "LineString", "coordinates": [[104.44776, -0.40258], [104.44813, -0.40293], [104.4487, -0.40359], [104.44888, -0.40417], [104.44909, -0.40458], [104.44924, -0.40481], [104.44951, -0.405], [104.44999, -0.40558], [104.45041, -0.4064], [104.45061, -0.40689]]}}, {"type": "Feature", "properties": {"k": "setapak", "n": null, "lapisan": "roads"}, "geometry": {"type": "LineString", "coordinates": [[104.45206, -0.41813], [104.45206, -0.41824]]}}, {"type": "Feature", "properties": {"k": "setapak", "n": null, "lapisan": "roads"}, "geometry": {"type": "LineString", "coordinates": [[104.45206, -0.41824], [104.45204, -0.41846], [104.45228, -0.41932], [104.45253, -0.41964], [104.45254, -0.41972], [104.45249, -0.41989], [104.45251, -0.41999]]}}, {"type": "Feature", "properties": {"k": "setapak", "n": null, "lapisan": "roads"}, "geometry": {"type": "LineString", "coordinates": [[104.45054, -0.43507], [104.45059, -0.43461], [104.45086, -0.43376], [104.45096, -0.43317], [104.45119, -0.4327], [104.45146, -0.4323], [104.45228, -0.43077], [104.45249, -0.43062], [104.45282, -0.43029], [104.45319, -0.42975], [104.45328, -0.42954], [104.45338, -0.42929], [104.45339, -0.42914], [104.45318, -0.42902], [104.45315, -0.42889], [104.45319, -0.4288]]}}, {"type": "Feature", "properties": {"k": "lingkungan", "n": null, "lapisan": "roads"}, "geometry": {"type": "LineString", "coordinates": [[104.43485, -0.40759], [104.43457, -0.40759], [104.43351, -0.40783], [104.43273, -0.40806], [104.43242, -0.40813], [104.43218, -0.40814], [104.43187, -0.40806], [104.43108, -0.40746], [104.43064, -0.40749], [104.428, -0.40831]]}}, {"type": "Feature", "properties": {"k": "setapak", "n": null, "lapisan": "roads"}, "geometry": {"type": "LineString", "coordinates": [[104.45005, -0.41738], [104.45004, -0.41764], [104.45014, -0.41767], [104.45033, -0.41766], [104.45056, -0.41771], [104.45064, -0.4177], [104.45111, -0.41752], [104.45123, -0.41753], [104.45133, -0.41759], [104.45171, -0.41768], [104.45186, -0.41776], [104.45196, -0.41799], [104.45206, -0.41813]]}}, {"type": "Feature", "properties": {"k": "lokal", "n": null, "lapisan": "roads"}, "geometry": {"type": "LineString", "coordinates": [[104.44211, -0.41941], [104.44219, -0.41955]]}}, {"type": "Feature", "properties": {"k": "lokal", "n": null, "lapisan": "roads"}, "geometry": {"type": "LineString", "coordinates": [[104.44219, -0.41955], [104.44226, -0.41971], [104.44245, -0.41988]]}}, {"type": "Feature", "properties": {"k": "lingkungan", "n": null, "lapisan": "roads"}, "geometry": {"type": "LineString", "coordinates": [[104.428, -0.40831], [104.42785, -0.40833]]}}, {"type": "Feature", "properties": {"k": "lingkungan", "n": null, "lapisan": "roads"}, "geometry": {"type": "LineString", "coordinates": [[104.42785, -0.40833], [104.42765, -0.40844], [104.42758, -0.40852], [104.42728, -0.4092], [104.42718, -0.40934], [104.42701, -0.40946]]}}, {"type": "Feature", "properties": {"k": "setapak", "n": null, "lapisan": "roads"}, "geometry": {"type": "LineString", "coordinates": [[104.42827, -0.3983], [104.42824, -0.39817]]}}, {"type": "Feature", "properties": {"k": "setapak", "n": null, "lapisan": "roads"}, "geometry": {"type": "LineString", "coordinates": [[104.42824, -0.39817], [104.4282, -0.39803], [104.42803, -0.39778], [104.42759, -0.3975], [104.42718, -0.39729]]}}, {"type": "Feature", "properties": {"k": "utama", "n": null, "lapisan": "roads"}, "geometry": {"type": "LineString", "coordinates": [[104.4271, -0.39384], [104.42719, -0.39361]]}}, {"type": "Feature", "properties": {"k": "utama", "n": null, "lapisan": "roads"}, "geometry": {"type": "LineString", "coordinates": [[104.42542, -0.39762], [104.42567, -0.39752], [104.42599, -0.39744], [104.42718, -0.39729], [104.42732, -0.39717], [104.42742, -0.39697], [104.42747, -0.39681], [104.42752, -0.39642], [104.42751, -0.39612], [104.42735, -0.39478], [104.42723, -0.39449], [104.42706, -0.39419], [104.42704, -0.39409], [104.4271, -0.39384]]}}, {"type": "Feature", "properties": {"k": "lingkungan", "n": null, "lapisan": "roads"}, "geometry": {"type": "LineString", "coordinates": [[104.45407, -0.34318], [104.45415, -0.34357], [104.45469, -0.34516], [104.45465, -0.34536], [104.4545, -0.34572], [104.45428, -0.34672], [104.45408, -0.34733], [104.45405, -0.34755], [104.45407, -0.34844], [104.4541, -0.34866], [104.45424, -0.34917], [104.45433, -0.35024], [104.45434, -0.35089], [104.45421, -0.35154], [104.45416, -0.35213], [104.45404, -0.35235], [104.45392, -0.35245], [104.45343, -0.35268]]}}, {"type": "Feature", "properties": {"k": "lingkungan", "n": null, "lapisan": "roads"}, "geometry": {"type": "LineString", "coordinates": [[104.45471, -0.3461], [104.45457, -0.34654]]}}, {"type": "Feature", "properties": {"k": "lingkungan", "n": null, "lapisan": "roads"}, "geometry": {"type": "LineString", "coordinates": [[104.45471, -0.3461], [104.45502, -0.34615], [104.45567, -0.34617], [104.45583, -0.34615], [104.45594, -0.3461], [104.45609, -0.34571], [104.4564, -0.34527], [104.45655, -0.34519], [104.4569, -0.34512], [104.4572, -0.34492], [104.45789, -0.34373]]}}, {"type": "Feature", "properties": {"k": "lingkungan", "n": null, "lapisan": "roads"}, "geometry": {"type": "LineString", "coordinates": [[104.43748, -0.35006], [104.43717, -0.35089], [104.43691, -0.35132], [104.43671, -0.3518], [104.43625, -0.35248], [104.43559, -0.35305]]}}, {"type": "Feature", "properties": {"k": "lingkungan", "n": null, "lapisan": "roads"}, "geometry": {"type": "LineString", "coordinates": [[104.44594, -0.35446], [104.44587, -0.3542], [104.4457, -0.35383], [104.44518, -0.35297], [104.44493, -0.3523], [104.4447, -0.35142], [104.44458, -0.35119], [104.44434, -0.35095], [104.44333, -0.3502], [104.44225, -0.34929], [104.44204, -0.34904], [104.44189, -0.3487], [104.44144, -0.34735], [104.44115, -0.34591], [104.44109, -0.34525], [104.44073, -0.34359], [104.44073, -0.34337], [104.44089, -0.34246], [104.44117, -0.34198], [104.44139, -0.3418], [104.44178, -0.34165], [104.44237, -0.3413], [104.44269, -0.34095], [104.44275, -0.34066], [104.44254, -0.33943]]}}, {"type": "Feature", "properties": {"k": "lingkungan", "n": null, "lapisan": "roads"}, "geometry": {"type": "LineString", "coordinates": [[104.46531, -0.34204], [104.46499, -0.34224], [104.46478, -0.34246], [104.4643, -0.34261], [104.46384, -0.34295], [104.46361, -0.34302], [104.46337, -0.34302], [104.46281, -0.34291]]}}, {"type": "Feature", "properties": {"k": "lokal", "n": null, "lapisan": "roads"}, "geometry": {"type": "LineString", "coordinates": [[104.48206, -0.31752], [104.48234, -0.31739], [104.48414, -0.31674], [104.48435, -0.31662], [104.48467, -0.31634], [104.4847, -0.31616], [104.48463, -0.31539], [104.48461, -0.31452], [104.4848, -0.31387], [104.48493, -0.31304], [104.48503, -0.31269], [104.48517, -0.31239], [104.48521, -0.31234], [104.48527, -0.31233], [104.48546, -0.31245], [104.48555, -0.31245], [104.48603, -0.31201], [104.48614, -0.31184], [104.48665, -0.31056], [104.48685, -0.31027], [104.48772, -0.30975], [104.48843, -0.30968], [104.48853, -0.30961], [104.48907, -0.30882], [104.48985, -0.30805], [104.48988, -0.30794], [104.48988, -0.30762]]}}, {"type": "Feature", "properties": {"k": "lingkungan", "n": null, "lapisan": "roads"}, "geometry": {"type": "LineString", "coordinates": [[104.46176, -0.31163], [104.46235, -0.31075], [104.46241, -0.3107], [104.46249, -0.31068], [104.46271, -0.31071], [104.46277, -0.31076], [104.46297, -0.31108], [104.46313, -0.3112]]}}, {"type": "Feature", "properties": {"k": "lingkungan", "n": null, "lapisan": "roads"}, "geometry": {"type": "LineString", "coordinates": [[104.46313, -0.3112], [104.46319, -0.31125]]}}, {"type": "Feature", "properties": {"k": "lingkungan", "n": null, "lapisan": "roads"}, "geometry": {"type": "LineString", "coordinates": [[104.46319, -0.31125], [104.46374, -0.31158], [104.46431, -0.31206], [104.46455, -0.3121], [104.46474, -0.31202], [104.46494, -0.31183], [104.4651, -0.31173], [104.4655, -0.31159], [104.46574, -0.31158], [104.46591, -0.31163], [104.46658, -0.3116], [104.4667, -0.31153], [104.46725, -0.31103], [104.46737, -0.31096], [104.46754, -0.31092], [104.46774, -0.31093], [104.46791, -0.31101], [104.46813, -0.31136], [104.46816, -0.31154], [104.46766, -0.31236], [104.4676, -0.31251], [104.4676, -0.31259], [104.46778, -0.31299], [104.46804, -0.3134], [104.46815, -0.31378], [104.4682, -0.31412], [104.46838, -0.31454], [104.46837, -0.31516], [104.46821, -0.31567], [104.46818, -0.31597], [104.46825, -0.31616]]}}, {"type": "Feature", "properties": {"k": "lokal", "n": null, "lapisan": "roads"}, "geometry": {"type": "LineString", "coordinates": [[104.4652, -0.31592], [104.46533, -0.31614], [104.46571, -0.31654], [104.46591, -0.31664], [104.46618, -0.3167], [104.46699, -0.31728], [104.46715, -0.31734], [104.46737, -0.3173], [104.46746, -0.3172], [104.46752, -0.31705], [104.46778, -0.31695], [104.46783, -0.31689], [104.46784, -0.31634], [104.46793, -0.31618], [104.46799, -0.31615], [104.46991, -0.31621], [104.47008, -0.31616], [104.47043, -0.31595], [104.47059, -0.31589], [104.47096, -0.31581], [104.47114, -0.31581], [104.47133, -0.31591], [104.47142, -0.31601], [104.47164, -0.31663], [104.47202, -0.31722], [104.47217, -0.31738], [104.47238, -0.3175], [104.47268, -0.31749], [104.47339, -0.31718], [104.47359, -0.31713], [104.47447, -0.31711], [104.47518, -0.31696], [104.47552, -0.31709], [104.47575, -0.31738], [104.47603, -0.31763], [104.4764, -0.3178], [104.47713, -0.31797], [104.4774, -0.31816], [104.4775, -0.31813], [104.47756, -0.31803], [104.47782, -0.31713], [104.47813, -0.31625], [104.4782, -0.31613], [104.4783, -0.31601], [104.47875, -0.31576], [104.47926, -0.31536], [104.47959, -0.31504], [104.47978, -0.31477], [104.4799, -0.31472], [104.48001, -0.31475], [104.48007, -0.31481], [104.48044, -0.31534], [104.48063, -0.31572], [104.48066, -0.31586], [104.48068, -0.31665], [104.48092, -0.31714], [104.48126, -0.31763], [104.48133, -0.31771], [104.48151, -0.31776], [104.48205, -0.31752]]}}, {"type": "Feature", "properties": {"k": "lokal", "n": null, "lapisan": "roads"}, "geometry": {"type": "LineString", "coordinates": [[104.4386, -0.32214], [104.4425, -0.32338], [104.44309, -0.32364], [104.44324, -0.32367], [104.44345, -0.32366], [104.44375, -0.32349], [104.44413, -0.32333], [104.44463, -0.32319], [104.4469, -0.32303], [104.44743, -0.32312], [104.44809, -0.32339], [104.44899, -0.32368], [104.44925, -0.32371], [104.45197, -0.32371], [104.45306, -0.32377], [104.45398, -0.32402], [104.45488, -0.32439], [104.45537, -0.32471], [104.45625, -0.32521], [104.45752, -0.32604], [104.458, -0.32647], [104.45831, -0.32681], [104.45924, -0.32793], [104.45945, -0.32825], [104.45956, -0.32853], [104.45964, -0.3286], [104.45979, -0.32866], [104.46008, -0.3285], [104.46022, -0.32838], [104.4603, -0.32823], [104.46063, -0.32721], [104.4607, -0.32678], [104.46066, -0.32631], [104.46077, -0.3259], [104.46086, -0.32537], [104.46084, -0.32507], [104.46076, -0.32477], [104.46074, -0.32404], [104.46061, -0.32367], [104.46064, -0.32347], [104.46099, -0.32231], [104.46108, -0.32218], [104.46131, -0.32198], [104.46136, -0.32188], [104.46137, -0.32174], [104.4611, -0.32099], [104.46093, -0.32071], [104.46082, -0.32065], [104.46067, -0.32063], [104.46049, -0.32064], [104.46013, -0.32074], [104.46002, -0.32066]]}}, {"type": "Feature", "properties": {"k": "lokal", "n": null, "lapisan": "roads"}, "geometry": {"type": "LineString", "coordinates": [[104.46002, -0.32066], [104.46002, -0.32053]]}}, {"type": "Feature", "properties": {"k": "lokal", "n": null, "lapisan": "roads"}, "geometry": {"type": "LineString", "coordinates": [[104.46002, -0.32053], [104.4601, -0.31996], [104.46086, -0.31941], [104.46149, -0.31912], [104.46185, -0.31869], [104.4622, -0.31843], [104.46233, -0.3184], [104.46272, -0.3185], [104.46287, -0.31848], [104.46304, -0.31839], [104.46316, -0.31814], [104.46313, -0.31786], [104.46326, -0.31765], [104.46316, -0.3173], [104.46317, -0.31707], [104.46328, -0.31666]]}}, {"type": "Feature", "properties": {"k": "lokal", "n": null, "lapisan": "roads"}, "geometry": {"type": "LineString", "coordinates": [[104.46159, -0.31903], [104.46172, -0.31827], [104.46169, -0.31816], [104.46133, -0.31785], [104.46119, -0.31765], [104.46069, -0.31741], [104.46059, -0.31735], [104.46052, -0.31726], [104.46031, -0.31687], [104.46013, -0.31629], [104.46008, -0.31601], [104.46007, -0.31568], [104.46004, -0.31553], [104.45996, -0.31543], [104.4592, -0.31516], [104.45845, -0.31484], [104.45833, -0.31483], [104.45818, -0.31488], [104.45768, -0.31531], [104.45755, -0.31536], [104.45733, -0.31533], [104.45714, -0.31516], [104.457, -0.31487], [104.45691, -0.31434], [104.4568, -0.31401], [104.45664, -0.31372], [104.45638, -0.31335], [104.45593, -0.31287], [104.45508, -0.31182], [104.45397, -0.31027], [104.45354, -0.30954], [104.45292, -0.30874], [104.45155, -0.30666], [104.45101, -0.30606], [104.45, -0.30471], [104.44902, -0.30425], [104.44858, -0.30414], [104.44734, -0.30369], [104.44691, -0.30343], [104.44649, -0.30327], [104.44595, -0.30299], [104.44529, -0.30254], [104.4449, -0.30213], [104.44441, -0.30181], [104.444, -0.30146], [104.44327, -0.3003], [104.44262, -0.29865], [104.44171, -0.29696], [104.44103, -0.29582]]}}, {"type": "Feature", "properties": {"k": "lokal", "n": null, "lapisan": "roads"}, "geometry": {"type": "LineString", "coordinates": [[104.43847, -0.32214], [104.43747, -0.32255], [104.43677, -0.3228], [104.43619, -0.32295], [104.43586, -0.32294], [104.43506, -0.3228], [104.43472, -0.32278], [104.43319, -0.32285], [104.43255, -0.32291]]}}, {"type": "Feature", "properties": {"k": "lokal", "n": null, "lapisan": "roads"}, "geometry": {"type": "LineString", "coordinates": [[104.4386, -0.32214], [104.43847, -0.32214]]}}, {"type": "Feature", "properties": {"k": "lingkungan", "n": null, "lapisan": "roads"}, "geometry": {"type": "LineString", "coordinates": [[104.45789, -0.32637], [104.45844, -0.32577], [104.45863, -0.32547], [104.45889, -0.3247], [104.45901, -0.32446]]}}, {"type": "Feature", "properties": {"k": "lingkungan", "n": null, "lapisan": "roads"}, "geometry": {"type": "LineString", "coordinates": [[104.45752, -0.32604], [104.45775, -0.3258]]}}, {"type": "Feature", "properties": {"k": "lokal", "n": null, "lapisan": "roads"}, "geometry": {"type": "LineString", "coordinates": [[104.43243, -0.32288], [104.43255, -0.32291]]}}, {"type": "Feature", "properties": {"k": "lokal", "n": null, "lapisan": "roads"}, "geometry": {"type": "LineString", "coordinates": [[104.43243, -0.32288], [104.43231, -0.32292], [104.43169, -0.32366], [104.43141, -0.32402], [104.43124, -0.32434], [104.43101, -0.32467], [104.43086, -0.32484], [104.43058, -0.32503], [104.43023, -0.32515], [104.43001, -0.32518], [104.42977, -0.32513], [104.42923, -0.32493], [104.42842, -0.32454], [104.42807, -0.32442], [104.42766, -0.32412], [104.42725, -0.32375], [104.42671, -0.32271], [104.42658, -0.32252], [104.42643, -0.32237], [104.42608, -0.32212], [104.42568, -0.32192], [104.42542, -0.32185], [104.42495, -0.32184], [104.42389, -0.32163], [104.42316, -0.32159], [104.42282, -0.32153], [104.42254, -0.32141], [104.42243, -0.3213], [104.42236, -0.32121], [104.42232, -0.32107], [104.42227, -0.32064], [104.4225, -0.31978], [104.4225, -0.31961], [104.42214, -0.31863], [104.42164, -0.31743], [104.4214, -0.31709], [104.42096, -0.31657], [104.42055, -0.31565], [104.4202, -0.31502], [104.42001, -0.31475], [104.41969, -0.31441], [104.41954, -0.31433], [104.41933, -0.31429], [104.41751, -0.31403], [104.41722, -0.31394], [104.41699, -0.31382], [104.4164, -0.31341], [104.41613, -0.31327], [104.4157, -0.31316], [104.41481, -0.31285], [104.41182, -0.31206], [104.41132, -0.31203], [104.41085, -0.31206], [104.41031, -0.31204], [104.40947, -0.31192], [104.40899, -0.31179], [104.40873, -0.31167], [104.40842, -0.31144], [104.40671, -0.31001], [104.4064, -0.30968], [104.40541, -0.30845], [104.40529, -0.30826], [104.40496, -0.30755], [104.40453, -0.30704], [104.40451, -0.30687], [104.40469, -0.30623], [104.40471, -0.30595], [104.40468, -0.30569], [104.40465, -0.30552], [104.40454, -0.30532], [104.40426, -0.30494], [104.40408, -0.30422], [104.40412, -0.30408], [104.40414, -0.30364], [104.4041, -0.30236], [104.40448, -0.3012], [104.40447, -0.30072], [104.4044, -0.30029], [104.4044, -0.29988], [104.40444, -0.2989], [104.40456, -0.2982], [104.40457, -0.29778], [104.40447, -0.29723], [104.40435, -0.29683], [104.40394, -0.2957], [104.40359, -0.2949], [104.4033, -0.29368], [104.40314, -0.29324], [104.40299, -0.29302], [104.40272, -0.29275], [104.40254, -0.29264], [104.40203, -0.29243], [104.40174, -0.29241], [104.40125, -0.29249], [104.40001, -0.29244], [104.39985, -0.29239], [104.39976, -0.29228], [104.39954, -0.29171], [104.39911, -0.29098], [104.39867, -0.29031], [104.39832, -0.28945], [104.39816, -0.28922], [104.39773, -0.28872], [104.39764, -0.28867], [104.39666, -0.28863], [104.39542, -0.28847], [104.39484, -0.28848], [104.39421, -0.28878], [104.39363, -0.28913]]}}, {"type": "Feature", "properties": {"k": "lingkungan", "n": null, "lapisan": "roads"}, "geometry": {"type": "LineString", "coordinates": [[104.41751, -0.31403], [104.41702, -0.31491]]}}, {"type": "Feature", "properties": {"k": "lingkungan", "n": null, "lapisan": "roads"}, "geometry": {"type": "LineString", "coordinates": [[104.45715, -0.32533], [104.45743, -0.32551], [104.45766, -0.32574], [104.45806, -0.32593], [104.4582, -0.32606]]}}, {"type": "Feature", "properties": {"k": "lokal", "n": null, "lapisan": "roads"}, "geometry": {"type": "LineString", "coordinates": [[104.43323, -0.29061], [104.43371, -0.29091], [104.43515, -0.29082], [104.43538, -0.29084], [104.43602, -0.29099], [104.43626, -0.29111], [104.43643, -0.29138], [104.43645, -0.29199], [104.43648, -0.29212], [104.43654, -0.2922], [104.43661, -0.29223], [104.43673, -0.29222], [104.43729, -0.29202], [104.43738, -0.29203], [104.43753, -0.29211], [104.43811, -0.29285], [104.43932, -0.29414], [104.43962, -0.29452], [104.4398, -0.29467], [104.44036, -0.29493], [104.44072, -0.29533], [104.441, -0.29576]]}}, {"type": "Feature", "properties": {"k": "lokal", "n": null, "lapisan": "roads"}, "geometry": {"type": "LineString", "coordinates": [[104.441, -0.29576], [104.44103, -0.29582]]}}, {"type": "Feature", "properties": {"k": "lingkungan", "n": null, "lapisan": "roads"}, "geometry": {"type": "LineString", "coordinates": [[104.43331, -0.29008], [104.43104, -0.29023], [104.43073, -0.29031], [104.43032, -0.29047], [104.42982, -0.29057]]}}, {"type": "Feature", "properties": {"k": "lingkungan", "n": null, "lapisan": "roads"}, "geometry": {"type": "LineString", "coordinates": [[104.43323, -0.29061], [104.43334, -0.2899], [104.43344, -0.28969], [104.43344, -0.28944]]}}, {"type": "Feature", "properties": {"k": "lingkungan", "n": null, "lapisan": "roads"}, "geometry": {"type": "LineString", "coordinates": [[104.43344, -0.28944], [104.4352, -0.2889]]}}, {"type": "Feature", "properties": {"k": "lingkungan", "n": null, "lapisan": "roads"}, "geometry": {"type": "LineString", "coordinates": [[104.51153, -0.26843], [104.51153, -0.26907], [104.51148, -0.26944], [104.51157, -0.26979], [104.51143, -0.2706]]}}, {"type": "Feature", "properties": {"k": "lingkungan", "n": null, "lapisan": "roads"}, "geometry": {"type": "LineString", "coordinates": [[104.52015, -0.2684], [104.52021, -0.26931], [104.52022, -0.27079], [104.52009, -0.27288], [104.51996, -0.27342], [104.51994, -0.27378], [104.52006, -0.27435], [104.52017, -0.27452], [104.52053, -0.27473], [104.52019, -0.27553], [104.52022, -0.27561], [104.52049, -0.27593]]}}, {"type": "Feature", "properties": {"k": "lingkungan", "n": null, "lapisan": "roads"}, "geometry": {"type": "LineString", "coordinates": [[104.45937, -0.32517], [104.46037, -0.32534], [104.46067, -0.32506], [104.46082, -0.32501]]}}, {"type": "Feature", "properties": {"k": "lingkungan", "n": null, "lapisan": "roads"}, "geometry": {"type": "LineString", "coordinates": [[104.43099, -0.2909], [104.4315, -0.29074], [104.43206, -0.29076], [104.43291, -0.29059], [104.43323, -0.29061]]}}, {"type": "Feature", "properties": {"k": "lokal", "n": null, "lapisan": "roads"}, "geometry": {"type": "LineString", "coordinates": [[104.48205, -0.31752], [104.48206, -0.31752]]}}, {"type": "Feature", "properties": {"k": "lingkungan", "n": null, "lapisan": "roads"}, "geometry": {"type": "LineString", "coordinates": [[104.46535, -0.31465], [104.46523, -0.31475], [104.46509, -0.31507], [104.46516, -0.31578], [104.4652, -0.31592]]}}, {"type": "Feature", "properties": {"k": "lokal", "n": null, "lapisan": "roads"}, "geometry": {"type": "LineString", "coordinates": [[104.46504, -0.31594], [104.4652, -0.31592]]}}, {"type": "Feature", "properties": {"k": "lokal", "n": null, "lapisan": "roads"}, "geometry": {"type": "LineString", "coordinates": [[104.46328, -0.31666], [104.46343, -0.3166]]}}, {"type": "Feature", "properties": {"k": "lokal", "n": null, "lapisan": "roads"}, "geometry": {"type": "LineString", "coordinates": [[104.46343, -0.3166], [104.46504, -0.31594]]}}, {"type": "Feature", "properties": {"k": "lingkungan", "n": null, "lapisan": "roads"}, "geometry": {"type": "LineString", "coordinates": [[104.46328, -0.31666], [104.46338, -0.31628], [104.46332, -0.31602], [104.46298, -0.31548], [104.46295, -0.31468]]}}, {"type": "Feature", "properties": {"k": "lingkungan", "n": null, "lapisan": "roads"}, "geometry": {"type": "LineString", "coordinates": [[104.46019, -0.3247], [104.46003, -0.32436]]}}, {"type": "Feature", "properties": {"k": "lingkungan", "n": null, "lapisan": "roads"}, "geometry": {"type": "LineString", "coordinates": [[104.46003, -0.32436], [104.46029, -0.32416], [104.46051, -0.32387], [104.46066, -0.3238]]}}, {"type": "Feature", "properties": {"k": "lingkungan", "n": null, "lapisan": "roads"}, "geometry": {"type": "LineString", "coordinates": [[104.45969, -0.32523], [104.45971, -0.32509], [104.45975, -0.32503], [104.46019, -0.3247]]}}, {"type": "Feature", "properties": {"k": "lingkungan", "n": null, "lapisan": "roads"}, "geometry": {"type": "LineString", "coordinates": [[104.45931, -0.32538], [104.45937, -0.32517]]}}, {"type": "Feature", "properties": {"k": "lingkungan", "n": null, "lapisan": "roads"}, "geometry": {"type": "LineString", "coordinates": [[104.4587, -0.32528], [104.45931, -0.32538]]}}, {"type": "Feature", "properties": {"k": "lingkungan", "n": null, "lapisan": "roads"}, "geometry": {"type": "LineString", "coordinates": [[104.45457, -0.34654], [104.45432, -0.34655]]}}, {"type": "Feature", "properties": {"k": "kolektor", "n": null, "lapisan": "roads"}, "geometry": {"type": "LineString", "coordinates": [[104.41654, -0.40133], [104.41639, -0.40138], [104.41574, -0.40178], [104.41516, -0.40197], [104.41504, -0.40195], [104.41488, -0.40187], [104.41457, -0.40166], [104.41436, -0.40162], [104.41404, -0.40163], [104.41321, -0.40174], [104.41233, -0.40254], [104.41169, -0.40318], [104.41144, -0.40333], [104.40741, -0.4046], [104.40713, -0.40477], [104.40651, -0.40523], [104.40537, -0.40575], [104.40499, -0.40584], [104.40463, -0.406], [104.40415, -0.4063], [104.40406, -0.40639], [104.404, -0.4065], [104.40396, -0.40668], [104.40404, -0.40765], [104.40439, -0.40933], [104.40444, -0.40972], [104.40442, -0.4098], [104.40408, -0.40987], [104.40331, -0.40993], [104.40296, -0.4099], [104.40264, -0.40981], [104.40239, -0.40983]]}}, {"type": "Feature", "properties": {"k": "setapak", "n": null, "lapisan": "roads"}, "geometry": {"type": "LineString", "coordinates": [[104.43198, -0.37018], [104.43057, -0.37016]]}}, {"type": "Feature", "properties": {"k": "utama", "n": null, "lapisan": "roads"}, "geometry": {"type": "LineString", "coordinates": [[104.42719, -0.39361], [104.42724, -0.39335], [104.42715, -0.39307], [104.42707, -0.39295], [104.42663, -0.39251], [104.42652, -0.39226], [104.42659, -0.39113], [104.42663, -0.39097], [104.42671, -0.39082], [104.4272, -0.39021], [104.4278, -0.38953], [104.42802, -0.38936], [104.4282, -0.38928], [104.42839, -0.38924], [104.4285, -0.38917], [104.42883, -0.38883], [104.42919, -0.38833], [104.42937, -0.38801], [104.4294, -0.38778], [104.42935, -0.38739]]}}, {"type": "Feature", "properties": {"k": "utama", "n": null, "lapisan": "roads"}, "geometry": {"type": "LineString", "coordinates": [[104.42935, -0.38739], [104.42938, -0.38724]]}}, {"type": "Feature", "properties": {"k": "utama", "n": null, "lapisan": "roads"}, "geometry": {"type": "LineString", "coordinates": [[104.44594, -0.35446], [104.4473, -0.35435], [104.44854, -0.35399], [104.44889, -0.35396], [104.44922, -0.35404], [104.44994, -0.3543], [104.45077, -0.35446], [104.45139, -0.35454], [104.45152, -0.35452], [104.4516, -0.35447], [104.45168, -0.35436], [104.45184, -0.35371], [104.45203, -0.35348], [104.45285, -0.35297], [104.45343, -0.35268], [104.45365, -0.35262], [104.45388, -0.3526], [104.45398, -0.35262], [104.4541, -0.35277], [104.4541, -0.35364], [104.45418, -0.3539], [104.45428, -0.35406], [104.45457, -0.35425]]}}, {"type": "Feature", "properties": {"k": "utama", "n": null, "lapisan": "roads"}, "geometry": {"type": "LineString", "coordinates": [[104.43761, -0.35423], [104.43769, -0.35418], [104.43935, -0.35363], [104.43986, -0.35322], [104.44002, -0.35319], [104.44149, -0.35318], [104.44176, -0.35312], [104.44255, -0.35279], [104.44266, -0.35277], [104.44298, -0.35283], [104.44348, -0.35275], [104.44373, -0.35278], [104.44377, -0.35287], [104.44381, -0.35311], [104.44377, -0.35351], [104.44381, -0.35363], [104.44408, -0.35376], [104.44423, -0.35377], [104.44444, -0.35384], [104.44458, -0.35403], [104.44468, -0.3543], [104.44476, -0.35439], [104.44487, -0.35445], [104.44503, -0.35448], [104.44554, -0.35449], [104.44594, -0.35446]]}}, {"type": "Feature", "properties": {"k": "utama", "n": null, "lapisan": "roads"}, "geometry": {"type": "LineString", "coordinates": [[104.45457, -0.35425], [104.45467, -0.35429], [104.45575, -0.35406], [104.45698, -0.35466], [104.45709, -0.35468], [104.45722, -0.35466], [104.45743, -0.35451], [104.45753, -0.35451], [104.45762, -0.35455], [104.45775, -0.3547], [104.45807, -0.3552], [104.4582, -0.35532], [104.45847, -0.35548], [104.45905, -0.35572], [104.45961, -0.35587], [104.46052, -0.35597], [104.46064, -0.35602], [104.46073, -0.35611], [104.4608, -0.3563], [104.46075, -0.35697], [104.46075, -0.35714], [104.46079, -0.35725], [104.46103, -0.35754], [104.46145, -0.35796], [104.46168, -0.35809], [104.4618, -0.35811], [104.46315, -0.35775], [104.46344, -0.35763], [104.46363, -0.35747], [104.46385, -0.35691], [104.46414, -0.35642], [104.46436, -0.35613], [104.46446, -0.35604], [104.46517, -0.35565], [104.46529, -0.35544], [104.46527, -0.35519], [104.46517, -0.3548], [104.46513, -0.35441], [104.46519, -0.35413], [104.46533, -0.35375], [104.46541, -0.35362], [104.46591, -0.35313], [104.46623, -0.35251], [104.46649, -0.35222], [104.46708, -0.35165], [104.46781, -0.35103], [104.46804, -0.35072], [104.46831, -0.35055], [104.46955, -0.34999], [104.4697, -0.34995], [104.46984, -0.34993], [104.47036, -0.35015], [104.47056, -0.35008], [104.47109, -0.34968], [104.4712, -0.34953], [104.47128, -0.34928], [104.47116, -0.34856], [104.47128, -0.34806], [104.47137, -0.34737]]}}, {"type": "Feature", "properties": {"k": "utama", "n": null, "lapisan": "roads"}, "geometry": {"type": "LineString", "coordinates": [[104.46883, -0.34316], [104.46906, -0.34332], [104.46933, -0.34361], [104.46984, -0.34438], [104.4703, -0.34494], [104.47053, -0.34528], [104.47078, -0.34577], [104.47138, -0.34711], [104.47154, -0.34733]]}}, {"type": "Feature", "properties": {"k": "utama", "n": null, "lapisan": "roads"}, "geometry": {"type": "LineString", "coordinates": [[104.47154, -0.34733], [104.47143, -0.34732], [104.47137, -0.34737]]}}, {"type": "Feature", "properties": {"k": "utama", "n": null, "lapisan": "roads"}, "geometry": {"type": "LineString", "coordinates": [[104.53891, -0.39131], [104.53896, -0.3914]]}}, {"type": "Feature", "properties": {"k": "utama", "n": null, "lapisan": "roads"}, "geometry": {"type": "LineString", "coordinates": [[104.53842, -0.38295], [104.53847, -0.38381], [104.5384, -0.38502], [104.53858, -0.38658], [104.53881, -0.38772], [104.53881, -0.38882], [104.53872, -0.39065], [104.53879, -0.39104], [104.53891, -0.39131]]}}, {"type": "Feature", "properties": {"k": "utama", "n": null, "lapisan": "roads"}, "geometry": {"type": "LineString", "coordinates": [[104.53896, -0.3914], [104.53946, -0.39225], [104.53969, -0.39291], [104.5398, -0.39308], [104.54015, -0.39341], [104.54033, -0.39367], [104.54048, -0.39405], [104.54063, -0.39465], [104.5409, -0.39515], [104.54143, -0.39584], [104.54192, -0.39659], [104.54268, -0.39737], [104.54363, -0.39811], [104.54409, -0.39865], [104.54521, -0.40023], [104.546, -0.4015], [104.54649, -0.40237], [104.5473, -0.40403], [104.54783, -0.40489], [104.54819, -0.40534], [104.54848, -0.40563], [104.54889, -0.40587], [104.54928, -0.40627], [104.54975, -0.40717], [104.55004, -0.40763], [104.55027, -0.4081], [104.55046, -0.40861], [104.55055, -0.40874], [104.55131, -0.4096], [104.55147, -0.40973], [104.55205, -0.41002], [104.55242, -0.41028], [104.55274, -0.41037], [104.55358, -0.4104], [104.55399, -0.41048], [104.55448, -0.41066], [104.55539, -0.41154], [104.5557, -0.41203], [104.55609, -0.4125], [104.55633, -0.4129], [104.55665, -0.41397], [104.55674, -0.41456], [104.55724, -0.41603], [104.55772, -0.41729], [104.55788, -0.41754], [104.55802, -0.41791], [104.55852, -0.41877], [104.55875, -0.41903], [104.55918, -0.41938], [104.55955, -0.42007], [104.55988, -0.42039], [104.56053, -0.42076], [104.56083, -0.42086], [104.5615, -0.42091], [104.56217, -0.42114], [104.56248, -0.4213], [104.56271, -0.42153], [104.56311, -0.42214], [104.56371, -0.42365], [104.564, -0.42414], [104.56416, -0.42431], [104.56424, -0.42437], [104.56435, -0.42439], [104.56446, -0.42451], [104.56482, -0.42522], [104.56516, -0.4258], [104.56572, -0.4263], [104.56586, -0.42648], [104.56595, -0.42681], [104.56599, -0.42717], [104.56615, -0.42795], [104.56625, -0.42927], [104.56639, -0.43002], [104.56663, -0.43104], [104.5667, -0.43149], [104.56671, -0.43194], [104.5668, -0.43228], [104.56702, -0.43285], [104.56722, -0.43406], [104.56747, -0.4347], [104.56766, -0.43533], [104.56817, -0.43653], [104.5685, -0.43745], [104.56874, -0.43803], [104.56932, -0.43923], [104.56967, -0.44015], [104.5699, -0.44062], [104.57099, -0.44229], [104.57141, -0.44308], [104.57201, -0.44384], [104.57255, -0.44477], [104.57263, -0.44493], [104.57268, -0.44569], [104.57303, -0.44645], [104.57331, -0.44692], [104.57452, -0.44824], [104.57526, -0.44914], [104.57561, -0.44971], [104.57585, -0.44998], [104.57684, -0.45084], [104.57717, -0.45106], [104.57734, -0.45121], [104.57744, -0.45137]]}}, {"type": "Feature", "properties": {"k": "utama", "n": null, "lapisan": "roads"}, "geometry": {"type": "LineString", "coordinates": [[104.53841, -0.38278], [104.53842, -0.38295]]}}, {"type": "Feature", "properties": {"k": "utama", "n": null, "lapisan": "roads"}, "geometry": {"type": "LineString", "coordinates": [[104.48654, -0.3534], [104.48723, -0.35395], [104.48757, -0.35413], [104.48858, -0.35436], [104.48887, -0.35446], [104.49038, -0.35517], [104.49113, -0.35573], [104.49171, -0.35629], [104.49207, -0.3565], [104.49248, -0.35666], [104.49314, -0.35713], [104.49329, -0.35719], [104.4935, -0.3572], [104.49422, -0.35712], [104.49523, -0.35727], [104.49577, -0.35731], [104.49671, -0.3576], [104.49724, -0.35768], [104.49744, -0.35791], [104.49777, -0.35811], [104.49788, -0.35821], [104.49799, -0.35837], [104.49817, -0.35872], [104.49844, -0.35943], [104.49879, -0.35994], [104.49932, -0.36104], [104.50001, -0.36203], [104.50054, -0.36263], [104.50085, -0.36283], [104.50104, -0.36288], [104.50141, -0.36289], [104.50167, -0.36283]]}}, {"type": "Feature", "properties": {"k": "utama", "n": null, "lapisan": "roads"}, "geometry": {"type": "LineString", "coordinates": [[104.48645, -0.35332], [104.48654, -0.3534]]}}, {"type": "Feature", "properties": {"k": "utama", "n": null, "lapisan": "roads"}, "geometry": {"type": "LineString", "coordinates": [[104.50184, -0.36274], [104.50212, -0.36261], [104.50224, -0.36262], [104.50237, -0.36269], [104.50259, -0.36288], [104.50285, -0.36334], [104.503, -0.36349], [104.50323, -0.36365], [104.50356, -0.36377], [104.50422, -0.36379], [104.50477, -0.36389], [104.50502, -0.36389], [104.50562, -0.36374], [104.50592, -0.36373], [104.50643, -0.36383], [104.5069, -0.36403], [104.50802, -0.36427], [104.5087, -0.36432], [104.50925, -0.36444], [104.5097, -0.3645], [104.51038, -0.36453], [104.51137, -0.36486], [104.51246, -0.36477]]}}, {"type": "Feature", "properties": {"k": "utama", "n": null, "lapisan": "roads"}, "geometry": {"type": "LineString", "coordinates": [[104.50167, -0.36283], [104.50184, -0.36274]]}}, {"type": "Feature", "properties": {"k": "utama", "n": null, "lapisan": "roads"}, "geometry": {"type": "LineString", "coordinates": [[104.51246, -0.36477], [104.5127, -0.36473]]}}, {"type": "Feature", "properties": {"k": "utama", "n": null, "lapisan": "roads"}, "geometry": {"type": "LineString", "coordinates": [[104.47154, -0.34733], [104.472, -0.34777], [104.47233, -0.34793], [104.4729, -0.34804], [104.47354, -0.34804], [104.4737, -0.34809], [104.47393, -0.34825], [104.47404, -0.34841], [104.47409, -0.34864], [104.47405, -0.34876], [104.4737, -0.34928], [104.47364, -0.34959], [104.47369, -0.34975], [104.4739, -0.34996], [104.47408, -0.35006], [104.47461, -0.34988], [104.47477, -0.34987], [104.47491, -0.34991], [104.47503, -0.35002], [104.47564, -0.35085], [104.47578, -0.35094], [104.47592, -0.35097], [104.4765, -0.35093], [104.47693, -0.35105], [104.47712, -0.35117], [104.47738, -0.35172], [104.47749, -0.35187], [104.47765, -0.352], [104.47784, -0.35208], [104.47856, -0.35227], [104.47936, -0.35253], [104.47973, -0.35271], [104.48013, -0.35298], [104.4804, -0.35309], [104.48127, -0.35324], [104.48225, -0.3535], [104.48337, -0.35374], [104.48359, -0.35375], [104.48395, -0.35367], [104.48409, -0.35359], [104.4845, -0.35317], [104.48523, -0.35287], [104.48566, -0.35295], [104.48629, -0.35321], [104.48645, -0.35332]]}}, {"type": "Feature", "properties": {"k": "utama", "n": null, "lapisan": "roads"}, "geometry": {"type": "LineString", "coordinates": [[104.57744, -0.45137], [104.57745, -0.45152], [104.5774, -0.45168], [104.57719, -0.45203], [104.57709, -0.45227], [104.57699, -0.45271], [104.57684, -0.45355], [104.57665, -0.45565], [104.57701, -0.45702], [104.57715, -0.45771], [104.5774, -0.45835], [104.57897, -0.46056], [104.57911, -0.46107], [104.57904, -0.46197], [104.57911, -0.46211], [104.57958, -0.46274], [104.5798, -0.46336], [104.57992, -0.46381], [104.58005, -0.4641], [104.58038, -0.46461], [104.58042, -0.4648], [104.58029, -0.46536], [104.58008, -0.46583], [104.5799, -0.46614], [104.57901, -0.46736], [104.57821, -0.46767], [104.57804, -0.46788], [104.57734, -0.46917], [104.57723, -0.46926], [104.57613, -0.46978], [104.57591, -0.47007], [104.57558, -0.47071], [104.57496, -0.47162], [104.57427, -0.47227], [104.57403, -0.47261], [104.57388, -0.47301], [104.57386, -0.47316], [104.5739, -0.47392], [104.57387, -0.47472], [104.57393, -0.47527], [104.57422, -0.47662], [104.57434, -0.47682], [104.57472, -0.47726], [104.5748, -0.47738], [104.57482, -0.47749], [104.57477, -0.47765], [104.57427, -0.4784], [104.57348, -0.47902], [104.57339, -0.47926], [104.57325, -0.4801], [104.5732, -0.48024], [104.57317, -0.48028], [104.57231, -0.48064], [104.57177, -0.48071], [104.57159, -0.4807], [104.57124, -0.4806], [104.57105, -0.48065], [104.57045, -0.4815], [104.57011, -0.48176], [104.56947, -0.48238], [104.56876, -0.48364], [104.56773, -0.48526], [104.56753, -0.48562], [104.56695, -0.48698], [104.56637, -0.48852], [104.56603, -0.48912], [104.5655, -0.48992], [104.56485, -0.49104], [104.56458, -0.49141], [104.5633, -0.49352], [104.56288, -0.49427], [104.56264, -0.49456], [104.56214, -0.49491]]}}, {"type": "Feature", "properties": {"k": "kolektor", "n": null, "lapisan": "roads"}, "geometry": {"type": "LineString", "coordinates": [[104.41668, -0.40131], [104.41654, -0.40133]]}}, {"type": "Feature", "properties": {"k": "kolektor", "n": null, "lapisan": "roads"}, "geometry": {"type": "LineString", "coordinates": [[104.42542, -0.39762], [104.42522, -0.39744], [104.42443, -0.39655], [104.42374, -0.39566], [104.42364, -0.39556], [104.42351, -0.39557], [104.42253, -0.39656], [104.4221, -0.39695], [104.42061, -0.39814], [104.41921, -0.39933], [104.41714, -0.40092], [104.41676, -0.40127], [104.41668, -0.40131]]}}, {"type": "Feature", "properties": {"k": "utama", "n": null, "lapisan": "roads"}, "geometry": {"type": "LineString", "coordinates": [[104.439, -0.42095], [104.43649, -0.42039], [104.43611, -0.42023], [104.43598, -0.4201], [104.43382, -0.41722], [104.43349, -0.41671], [104.43246, -0.41472], [104.43163, -0.41331], [104.43127, -0.41286], [104.43094, -0.4126], [104.43035, -0.41224], [104.43013, -0.41216], [104.42975, -0.4121], [104.4294, -0.41218], [104.42888, -0.41243], [104.42842, -0.41271], [104.4283, -0.41272], [104.42808, -0.41262], [104.42744, -0.41223], [104.42708, -0.41198], [104.427, -0.41188], [104.42686, -0.41104], [104.42706, -0.40903], [104.42727, -0.40775], [104.42734, -0.40706], [104.42747, -0.40655], [104.42749, -0.406], [104.4272, -0.40515], [104.42602, -0.40411], [104.42492, -0.40307], [104.42479, -0.40286], [104.42479, -0.40257], [104.42568, -0.39844], [104.42567, -0.39808], [104.42542, -0.39762]]}}, {"type": "Feature", "properties": {"k": "utama", "n": null, "lapisan": "roads"}, "geometry": {"type": "LineString", "coordinates": [[104.4464, -0.46305], [104.44635, -0.46226], [104.44643, -0.46171], [104.44651, -0.4615], [104.4467, -0.46121], [104.44684, -0.46111], [104.44714, -0.46104], [104.44724, -0.46097], [104.44737, -0.46083], [104.44741, -0.46067], [104.44757, -0.45922], [104.44797, -0.45704], [104.44809, -0.45611], [104.44806, -0.45602], [104.44785, -0.4559], [104.44741, -0.45593], [104.44719, -0.45592], [104.44703, -0.45587], [104.44688, -0.45576], [104.44678, -0.45564], [104.44576, -0.45268], [104.44577, -0.45208], [104.44594, -0.45135], [104.44611, -0.45098], [104.44625, -0.45078], [104.44648, -0.45059], [104.44727, -0.45012], [104.44758, -0.44996], [104.44841, -0.44971], [104.44859, -0.44969], [104.4489, -0.44972], [104.44931, -0.44964], [104.44959, -0.44952], [104.45037, -0.4491], [104.45047, -0.44903], [104.45053, -0.44889], [104.45043, -0.44836], [104.4501, -0.44722], [104.449, -0.44387], [104.4482, -0.44186], [104.44781, -0.44028], [104.44782, -0.43909], [104.44755, -0.43746], [104.44754, -0.43701], [104.4476, -0.43677], [104.44811, -0.43571], [104.44825, -0.43527], [104.44826, -0.43376], [104.4484, -0.43155], [104.44839, -0.43091], [104.44833, -0.43077], [104.4481, -0.43054], [104.44605, -0.4288], [104.4458, -0.42855], [104.44572, -0.42843], [104.44559, -0.42798], [104.44514, -0.42531], [104.4451, -0.42516], [104.44496, -0.42496], [104.44397, -0.42406], [104.44295, -0.42319], [104.44146, -0.42217], [104.44058, -0.42159], [104.44022, -0.42139], [104.4398, -0.4212], [104.439, -0.42095]]}}, {"type": "Feature", "properties": {"k": "lingkungan", "n": null, "lapisan": "roads"}, "geometry": {"type": "LineString", "coordinates": [[104.54453, -0.39928], [104.54342, -0.39966], [104.54132, -0.40078], [104.54126, -0.40074], [104.54069, -0.39929]]}}, {"type": "Feature", "properties": {"k": "lingkungan", "n": null, "lapisan": "roads"}, "geometry": {"type": "LineString", "coordinates": [[104.54284, -0.39997], [104.54351, -0.40136], [104.54348, -0.40145], [104.54259, -0.4024], [104.54245, -0.40238], [104.54226, -0.4022], [104.54212, -0.40194], [104.54167, -0.4006]]}}, {"type": "Feature", "properties": {"k": "lingkungan", "n": null, "lapisan": "roads"}, "geometry": {"type": "LineString", "coordinates": [[104.46531, -0.34204], [104.46533, -0.34188], [104.4654, -0.34173], [104.46564, -0.34153], [104.4655, -0.34085]]}}, {"type": "Feature", "properties": {"k": "water", "n": null, "lapisan": "water"}, "geometry": {"type": "Polygon", "coordinates": [[[104.48409, -0.45402], [104.48436, -0.45417], [104.48459, -0.45437], [104.48459, -0.4546], [104.4844, -0.45466], [104.48403, -0.45576], [104.48384, -0.45582], [104.4837, -0.4556], [104.48365, -0.4552], [104.48355, -0.45494], [104.48364, -0.45454], [104.48379, -0.45423], [104.48392, -0.45403], [104.48409, -0.45402]]]}}, {"type": "Feature", "properties": {"k": "water", "n": null, "lapisan": "water"}, "geometry": {"type": "Polygon", "coordinates": [[[104.48364, -0.45766], [104.48392, -0.45849], [104.48389, -0.45879], [104.48372, -0.45918], [104.4836, -0.45909], [104.48348, -0.45879], [104.48347, -0.45833], [104.48331, -0.4579], [104.48337, -0.45768], [104.48349, -0.45763], [104.48364, -0.45766]]]}}, {"type": "Feature", "properties": {"k": "water", "n": null, "lapisan": "water"}, "geometry": {"type": "Polygon", "coordinates": [[[104.48236, -0.45975], [104.4827, -0.45944], [104.48363, -0.45949], [104.48366, -0.45978], [104.48362, -0.45997], [104.48341, -0.46007], [104.48337, -0.46031], [104.4834, -0.46083], [104.48333, -0.46105], [104.48316, -0.46114], [104.48309, -0.46142], [104.48295, -0.46151], [104.48281, -0.46148], [104.4828, -0.46091], [104.48236, -0.45975]]]}}, {"type": "Feature", "properties": {"k": "water", "n": null, "lapisan": "water"}, "geometry": {"type": "Polygon", "coordinates": [[[104.4584, -0.45006], [104.45883, -0.45023], [104.45969, -0.45008], [104.45982, -0.45015], [104.45983, -0.45027], [104.45964, -0.45039], [104.4594, -0.45043], [104.45915, -0.45054], [104.45872, -0.4506], [104.45855, -0.45055], [104.45839, -0.45043], [104.4583, -0.45015], [104.4584, -0.45006]]]}}, {"type": "Feature", "properties": {"k": "water", "n": null, "lapisan": "water"}, "geometry": {"type": "Polygon", "coordinates": [[[104.45735, -0.45011], [104.45751, -0.44998], [104.45756, -0.44981], [104.45755, -0.44961], [104.45747, -0.44946], [104.45749, -0.44932], [104.45759, -0.44923], [104.45824, -0.44985], [104.45815, -0.44997], [104.45812, -0.45018], [104.45815, -0.45039], [104.45826, -0.45051], [104.4582, -0.45065], [104.45777, -0.4506], [104.45735, -0.45011]]]}}, {"type": "Feature", "properties": {"k": "water", "n": null, "lapisan": "water"}, "geometry": {"type": "Polygon", "coordinates": [[[104.45289, -0.4491], [104.45276, -0.44892], [104.45278, -0.44875], [104.45298, -0.44873], [104.45355, -0.4489], [104.45409, -0.44885], [104.45419, -0.449], [104.45415, -0.44926], [104.45385, -0.44979], [104.45322, -0.44966], [104.453, -0.4495], [104.45297, -0.44931], [104.45302, -0.44916], [104.45289, -0.4491]]]}}, {"type": "Feature", "properties": {"k": "water", "n": null, "lapisan": "water"}, "geometry": {"type": "Polygon", "coordinates": [[[104.4516, -0.4515], [104.45182, -0.45156], [104.45221, -0.45151], [104.45226, -0.45158], [104.45203, -0.45183], [104.45202, -0.45199], [104.45212, -0.45204], [104.45231, -0.45203], [104.45232, -0.45215], [104.45218, -0.45255], [104.45202, -0.45269], [104.45181, -0.45271], [104.45164, -0.4528], [104.45153, -0.45276], [104.45165, -0.45245], [104.45151, -0.4523], [104.45138, -0.45232], [104.45139, -0.45211], [104.45149, -0.45197], [104.4516, -0.4515]]]}}, {"type": "Feature", "properties": {"k": "water", "n": null, "lapisan": "water"}, "geometry": {"type": "Polygon", "coordinates": [[[104.4509, -0.45103], [104.45144, -0.45146], [104.45146, -0.45172], [104.45116, -0.45245], [104.45103, -0.4526], [104.45084, -0.4527], [104.45063, -0.45261], [104.45006, -0.45209], [104.4501, -0.45187], [104.45051, -0.45122], [104.4509, -0.45103]]]}}, {"type": "Feature", "properties": {"k": "water", "n": null, "lapisan": "water"}, "geometry": {"type": "Polygon", "coordinates": [[[104.45305, -0.45943], [104.45319, -0.4595], [104.45336, -0.45946], [104.45364, -0.45955], [104.45363, -0.45976], [104.45353, -0.45987], [104.45312, -0.45994], [104.45306, -0.45971], [104.45295, -0.45978], [104.45273, -0.45972], [104.45285, -0.45962], [104.45291, -0.45949], [104.45305, -0.45943]]]}}, {"type": "Feature", "properties": {"k": "water", "n": null, "lapisan": "water"}, "geometry": {"type": "Polygon", "coordinates": [[[104.44941, -0.45552], [104.44967, -0.45548], [104.44976, -0.45563], [104.44979, -0.45601], [104.44992, -0.45619], [104.45003, -0.45626], [104.45016, -0.45624], [104.45029, -0.45597], [104.45034, -0.45607], [104.45053, -0.45675], [104.45043, -0.45692], [104.4504, -0.45708], [104.4505, -0.45754], [104.45044, -0.45769], [104.45047, -0.45781], [104.45042, -0.45816], [104.4505, -0.45827], [104.45079, -0.45841], [104.45108, -0.45877], [104.45121, -0.45885], [104.45129, -0.4591], [104.45132, -0.45928], [104.45118, -0.45959], [104.45101, -0.45972], [104.4508, -0.45972], [104.45015, -0.45944], [104.44999, -0.45925], [104.44978, -0.45886], [104.44974, -0.4585], [104.44958, -0.45816], [104.44937, -0.45803], [104.44936, -0.45764], [104.44924, -0.45748], [104.44898, -0.45737], [104.44917, -0.45688], [104.44941, -0.45552]]]}}, {"type": "Feature", "properties": {"k": "water", "n": null, "lapisan": "water"}, "geometry": {"type": "Polygon", "coordinates": [[[104.44673, -0.4529], [104.44739, -0.45258], [104.44751, -0.45259], [104.44763, -0.45274], [104.44777, -0.45314], [104.44777, -0.45326], [104.44766, -0.45335], [104.44779, -0.45369], [104.44792, -0.45376], [104.44809, -0.4535], [104.4482, -0.45354], [104.44822, -0.45367], [104.44814, -0.45403], [104.44822, -0.45414], [104.4486, -0.45404], [104.44878, -0.45406], [104.44887, -0.45414], [104.44887, -0.45433], [104.44881, -0.45447], [104.44864, -0.45458], [104.44837, -0.45466], [104.44827, -0.45488], [104.44819, -0.45489], [104.4479, -0.45464], [104.44769, -0.45435], [104.44757, -0.45408], [104.44758, -0.45392], [104.44753, -0.45381], [104.44741, -0.45377], [104.44716, -0.4535], [104.44682, -0.45295], [104.44673, -0.4529]]]}}, {"type": "Feature", "properties": {"k": "water", "n": null, "lapisan": "water"}, "geometry": {"type": "Polygon", "coordinates": [[[104.44654, -0.45159], [104.44708, -0.45122], [104.44723, -0.45116], [104.4475, -0.45116], [104.44745, -0.45129], [104.44665, -0.4517], [104.44653, -0.4517], [104.44654, -0.45159]]]}}, {"type": "Feature", "properties": {"k": "water", "n": null, "lapisan": "water"}, "geometry": {"type": "Polygon", "coordinates": [[[104.44935, -0.4508], [104.44968, -0.45129], [104.44971, -0.45144], [104.44958, -0.45173], [104.44966, -0.45188], [104.4497, -0.45213], [104.44937, -0.45246], [104.44926, -0.45306], [104.44932, -0.4533], [104.44929, -0.45351], [104.44885, -0.4538], [104.44871, -0.45381], [104.44844, -0.45349], [104.44828, -0.45345], [104.44794, -0.45321], [104.44773, -0.45267], [104.44811, -0.45229], [104.44819, -0.45174], [104.44802, -0.45149], [104.44917, -0.45081], [104.44935, -0.4508]]]}}, {"type": "Feature", "properties": {"k": "water", "n": null, "lapisan": "water"}, "geometry": {"type": "Polygon", "coordinates": [[[104.45087, -0.45075], [104.45092, -0.45064], [104.45111, -0.45058], [104.4512, -0.45045], [104.4512, -0.45028], [104.45135, -0.45005], [104.45166, -0.44984], [104.45193, -0.44984], [104.4522, -0.45008], [104.45246, -0.45009], [104.45251, -0.45041], [104.45264, -0.45047], [104.45272, -0.45057], [104.45273, -0.45069], [104.45273, -0.45076], [104.45247, -0.45084], [104.45233, -0.45094], [104.45208, -0.45097], [104.45196, -0.4512], [104.45165, -0.45133], [104.45153, -0.45133], [104.45129, -0.45108], [104.45091, -0.45084], [104.45087, -0.45075]]]}}, {"type": "Feature", "properties": {"k": "water", "n": null, "lapisan": "water"}, "geometry": {"type": "Polygon", "coordinates": [[[104.46959, -0.43975], [104.46966, -0.43961], [104.4702, -0.43936], [104.47025, -0.43953], [104.46992, -0.44013], [104.46972, -0.4403], [104.46955, -0.44018], [104.46943, -0.44031], [104.46932, -0.44013], [104.46917, -0.44005], [104.46924, -0.43992], [104.46945, -0.43986], [104.46959, -0.43975]]]}}, {"type": "Feature", "properties": {"n": "Pulau Lingga", "k": "island", "lapisan": "islands"}, "geometry": {"type": "LineString", "coordinates": [[104.79368, -0.27636], [104.78871, -0.27847], [104.79091, -0.28017], [104.79345, -0.27873], [104.79328, -0.28117], [104.79847, -0.28381], [104.80479, -0.28406], [104.82057, -0.29968], [104.81737, -0.29434]]}}, {"type": "Feature", "properties": {"n": "Pulau Lingga", "k": "island", "lapisan": "islands"}, "geometry": {"type": "LineString", "coordinates": [[104.74858, -0.2316], [104.7512, -0.23262], [104.75478, -0.24007], [104.75147, -0.24619], [104.74629, -0.24865], [104.74822, -0.25124], [104.75165, -0.24939], [104.75567, -0.25642], [104.76901, -0.26467], [104.77145, -0.25928], [104.77361, -0.25924]]}}, {"type": "Feature", "properties": {"n": "Pulau Lingga", "k": "island", "lapisan": "islands"}, "geometry": {"type": "LineString", "coordinates": [[104.63018, -0.2259], [104.66777, -0.2096], [104.68523, -0.20546], [104.70265, -0.20437], [104.72179, -0.21667], [104.72197, -0.21885], [104.73441, -0.23203], [104.73788, -0.22838], [104.74508, -0.23034], [104.747, -0.23318], [104.74858, -0.2316]]}}, {"type": "Feature", "properties": {"n": "Pulau Lingga", "k": "island", "lapisan": "islands"}, "geometry": {"type": "LineString", "coordinates": [[104.5473, -0.25582], [104.5513, -0.25704], [104.5512, -0.25372], [104.55688, -0.2498], [104.55949, -0.24487], [104.56929, -0.23996], [104.58079, -0.24217], [104.58808, -0.24684], [104.59309, -0.24652], [104.59592, -0.25066], [104.59535, -0.25314], [104.59942, -0.25051], [104.60032, -0.24318], [104.62805, -0.23085], [104.6307, -0.2285], [104.63018, -0.2259]]}}, {"type": "Feature", "properties": {"n": "Pulau Lingga", "k": "island", "lapisan": "islands"}, "geometry": {"type": "LineString", "coordinates": [[104.50455, -0.25144], [104.5046, -0.25475], [104.50087, -0.25592], [104.50113, -0.26059], [104.50455, -0.26251], [104.50382, -0.26737], [104.5086, -0.27221], [104.51163, -0.27114], [104.52131, -0.27578], [104.52668, -0.27183]]}}, {"type": "Feature", "properties": {"n": "Pulau Lingga", "k": "island", "lapisan": "islands"}, "geometry": {"type": "LineString", "coordinates": [[104.43103, -0.21008], [104.42931, -0.2143], [104.42645, -0.21518], [104.42376, -0.2226], [104.42917, -0.23682], [104.43365, -0.23558], [104.44153, -0.23888], [104.44358, -0.24325], [104.44787, -0.24555], [104.45579, -0.24432], [104.46189, -0.24725], [104.46662, -0.24463], [104.46616, -0.24337]]}}, {"type": "Feature", "properties": {"n": "Pulau Lingga", "k": "island", "lapisan": "islands"}, "geometry": {"type": "LineString", "coordinates": [[104.4501, -0.18151], [104.44549, -0.1823], [104.44158, -0.17758], [104.42967, -0.18177], [104.42677, -0.18452], [104.42504, -0.19217], [104.42586, -0.19883], [104.42965, -0.20327], [104.42823, -0.20728], [104.43103, -0.21008]]}}, {"type": "Feature", "properties": {"n": "Pulau Lingga", "k": "island", "lapisan": "islands"}, "geometry": {"type": "LineString", "coordinates": [[104.47083, -0.16112], [104.46851, -0.16307], [104.46212, -0.15742], [104.45238, -0.16039], [104.45168, -0.16357], [104.45658, -0.16624], [104.45076, -0.16806], [104.45236, -0.17048], [104.4497, -0.17399], [104.45224, -0.17591], [104.44923, -0.17656], [104.4501, -0.18151]]}}, {"type": "Feature", "properties": {"n": "Pulau Lingga", "k": "island", "lapisan": "islands"}, "geometry": {"type": "LineString", "coordinates": [[104.50543, -0.13021], [104.49343, -0.13578], [104.48347, -0.13559], [104.48602, -0.14027], [104.47704, -0.13711], [104.47418, -0.13923], [104.47289, -0.13678], [104.46987, -0.13746], [104.46749, -0.14261], [104.4693, -0.14624], [104.47652, -0.15088], [104.47583, -0.15888]]}}, {"type": "Feature", "properties": {"n": "Pulau Lingga", "k": "island", "lapisan": "islands"}, "geometry": {"type": "LineString", "coordinates": [[104.51104, -0.00758], [104.5041, -0.00528], [104.49357, 0.00223], [104.50086, -0.00734], [104.50476, -0.00976], [104.5048, -0.01166], [104.50163, -0.00991], [104.49622, -0.01233], [104.49741, -0.01905], [104.49537, -0.0204], [104.501, -0.02261], [104.50231, -0.03136], [104.501, -0.0469], [104.49803, -0.05017], [104.49919, -0.05202], [104.50492, -0.05189], [104.50946, -0.05536], [104.51012, -0.06198], [104.50724, -0.06557], [104.51106, -0.06905], [104.51098, -0.07236]]}}, {"type": "Feature", "properties": {"n": "Pulau Lingga", "k": "island", "lapisan": "islands"}, "geometry": {"type": "LineString", "coordinates": [[104.62438, -0.08011], [104.62606, -0.07428], [104.62959, -0.07418], [104.63718, -0.07759], [104.63831, -0.08211], [104.6419, -0.08157], [104.64292, -0.08388], [104.64968, -0.08587], [104.65569, -0.08298], [104.66056, -0.08303], [104.66838, -0.07727], [104.65812, -0.06355], [104.65249, -0.05141], [104.64001, -0.04278], [104.64095, -0.03925], [104.63846, -0.03816], [104.63761, -0.03367], [104.63252, -0.03441], [104.62667, -0.03213], [104.59797, -0.00421], [104.57786, 0.00742], [104.54917, 0.02939], [104.54782, 0.0231], [104.54977, 0.01773], [104.54827, 0.01604], [104.55314, 0.01069], [104.55906, -0.00237]]}}, {"type": "Feature", "properties": {"n": "Pulau Lingga", "k": "island", "lapisan": "islands"}, "geometry": {"type": "LineString", "coordinates": [[104.68123, -0.08834], [104.67847, -0.08796], [104.67713, -0.08553], [104.67551, -0.08656], [104.66981, -0.08463], [104.66867, -0.08739], [104.66481, -0.08706], [104.66093, -0.09035], [104.6607, -0.09409], [104.66727, -0.10689], [104.66852, -0.11608]]}}, {"type": "Feature", "properties": {"n": "Pulau Lingga", "k": "island", "lapisan": "islands"}, "geometry": {"type": "LineString", "coordinates": [[104.73549, -0.15967], [104.73665, -0.14806], [104.73366, -0.13979], [104.72783, -0.1354], [104.71572, -0.13256], [104.70812, -0.11997], [104.70868, -0.11774], [104.70349, -0.11657], [104.69897, -0.11303], [104.69782, -0.10699], [104.69001, -0.09141], [104.68286, -0.08399], [104.68125, -0.08422], [104.68123, -0.08834]]}}, {"type": "Feature", "properties": {"n": "Pulau Lingga", "k": "island", "lapisan": "islands"}, "geometry": {"type": "LineString", "coordinates": [[104.86076, -0.17716], [104.8468, -0.15278], [104.84111, -0.15007], [104.83531, -0.13995], [104.82851, -0.13658], [104.82676, -0.13312], [104.82505, -0.14153], [104.82097, -0.14458], [104.81995, -0.14945], [104.81282, -0.15222], [104.81629, -0.16208], [104.81523, -0.16868]]}}, {"type": "Feature", "properties": {"n": "Pulau Lingga", "k": "island", "lapisan": "islands"}, "geometry": {"type": "LineString", "coordinates": [[104.94327, -0.2842], [104.94825, -0.28796], [104.9521, -0.29455], [104.96361, -0.29207], [104.96987, -0.29669], [104.98167, -0.2986], [104.98084, -0.30254], [104.9851, -0.3083], [104.98733, -0.30652], [104.99344, -0.30663], [104.99393, -0.30429], [104.9964, -0.30484], [104.99823, -0.30265], [105.00088, -0.30362], [105.00092, -0.29967], [104.99903, -0.29975]]}}, {"type": "Feature", "properties": {"n": "Pulau Lingga", "k": "island", "lapisan": "islands"}, "geometry": {"type": "LineString", "coordinates": [[104.90426, -0.30202], [104.89953, -0.29685], [104.90071, -0.2909], [104.90377, -0.29011], [104.90055, -0.28854], [104.90823, -0.28527], [104.91341, -0.27887], [104.91526, -0.28103], [104.92141, -0.27674], [104.93341, -0.27717], [104.94327, -0.2842]]}}, {"type": "Feature", "properties": {"n": "Pulau Lingga", "k": "island", "lapisan": "islands"}, "geometry": {"type": "LineString", "coordinates": [[104.91874, -0.33336], [104.92241, -0.32812], [104.92849, -0.32622], [104.92945, -0.32416], [104.91955, -0.32234], [104.90939, -0.3168], [104.90747, -0.31267], [104.90294, -0.30978], [104.90426, -0.30202]]}}, {"type": "Feature", "properties": {"n": "Pulau Lingga", "k": "island", "lapisan": "islands"}, "geometry": {"type": "LineString", "coordinates": [[104.86572, -0.3131], [104.86751, -0.31544], [104.8728, -0.31552], [104.87468, -0.31902], [104.87887, -0.32031], [104.88197, -0.32629], [104.88984, -0.32384], [104.8959, -0.32848], [104.89878, -0.3251], [104.90405, -0.32559], [104.90591, -0.33114], [104.90978, -0.32961], [104.91119, -0.33798], [104.91348, -0.33723], [104.91547, -0.33979], [104.91874, -0.33336]]}}, {"type": "Feature", "properties": {"n": "Pulau Singkep", "k": "island", "lapisan": "islands"}, "geometry": {"type": "LineString", "coordinates": [[104.3227, -0.52631], [104.32541, -0.53159], [104.32314, -0.53129], [104.32327, -0.53452], [104.31997, -0.53376], [104.32035, -0.53891], [104.31773, -0.54119], [104.32203, -0.54718], [104.32727, -0.57083], [104.33128, -0.57373], [104.33854, -0.61276], [104.34323, -0.61711], [104.34384, -0.62277]]}}, {"type": "Feature", "properties": {"n": "Pulau Singkep", "k": "island", "lapisan": "islands"}, "geometry": {"type": "LineString", "coordinates": [[104.34384, -0.62277], [104.34445, -0.6493], [104.34162, -0.65563], [104.3464, -0.65946], [104.34851, -0.6674], [104.35469, -0.67093], [104.35729, -0.67741], [104.35579, -0.67927], [104.35866, -0.6828], [104.36587, -0.68388], [104.37679, -0.67612], [104.38005, -0.67618], [104.38238, -0.67116], [104.39005, -0.66564], [104.38414, -0.65907], [104.3853, -0.65823], [104.38307, -0.65509], [104.38746, -0.64177], [104.39579, -0.62932], [104.39266, -0.6228], [104.39655, -0.60336], [104.40741, -0.59502], [104.42302, -0.58939], [104.42514, -0.59056], [104.42849, -0.58636]]}}, {"type": "Feature", "properties": {"n": "Pulau Singkep", "k": "island", "lapisan": "islands"}, "geometry": {"type": "LineString", "coordinates": [[104.47712, -0.63848], [104.49946, -0.64577], [104.50446, -0.64359], [104.50769, -0.61499], [104.50635, -0.60488], [104.50852, -0.59454], [104.51729, -0.57202], [104.52791, -0.55821], [104.53497, -0.53872]]}}, {"type": "Feature", "properties": {"n": "Pulau Singkep", "k": "island", "lapisan": "islands"}, "geometry": {"type": "LineString", "coordinates": [[104.59316, -0.48181], [104.59742, -0.47857], [104.59714, -0.47324], [104.60127, -0.46795], [104.59843, -0.46595], [104.59748, -0.45928], [104.5871, -0.45183], [104.5807, -0.4491], [104.57885, -0.45036], [104.57327, -0.44548], [104.56277, -0.42013], [104.55875, -0.41877], [104.55458, -0.40885], [104.55139, -0.4095], [104.5406, -0.39249]]}}, {"type": "Feature", "properties": {"n": "Pulau Singkep", "k": "island", "lapisan": "islands"}, "geometry": {"type": "LineString", "coordinates": [[104.51236, -0.36397], [104.50189, -0.3621], [104.49745, -0.35741], [104.4902, -0.35392], [104.49019, -0.3517], [104.48789, -0.35359], [104.48652, -0.35271], [104.48394, -0.34666], [104.48161, -0.34612]]}}, {"type": "Feature", "properties": {"n": "Pulau Singkep", "k": "island", "lapisan": "islands"}, "geometry": {"type": "LineString", "coordinates": [[104.48161, -0.34612], [104.4803, -0.34307], [104.48387, -0.34117], [104.48417, -0.33894], [104.4821, -0.33606], [104.47785, -0.33545], [104.46896, -0.34102], [104.46041, -0.3418], [104.46472, -0.34385], [104.46269, -0.34608], [104.46434, -0.34859], [104.45964, -0.34642]]}}, {"type": "Feature", "properties": {"n": "Pulau Singkep", "k": "island", "lapisan": "islands"}, "geometry": {"type": "LineString", "coordinates": [[104.45964, -0.34642], [104.45804, -0.34304], [104.45398, -0.34276], [104.45289, -0.34477], [104.44889, -0.34544], [104.44996, -0.34393], [104.44537, -0.34341], [104.44891, -0.34128], [104.448, -0.33801], [104.44347, -0.3402], [104.44194, -0.33911], [104.43629, -0.34486], [104.43743, -0.34968], [104.434, -0.35338], [104.43378, -0.3576]]}}, {"type": "Feature", "properties": {"n": "Pulau Singkep", "k": "island", "lapisan": "islands"}, "geometry": {"type": "LineString", "coordinates": [[104.43378, -0.3576], [104.433, -0.36003], [104.42675, -0.3603], [104.42498, -0.36398], [104.43131, -0.36822], [104.43207, -0.38109], [104.4273, -0.38617], [104.42316, -0.38735], [104.4232, -0.38959]]}}, {"type": "Feature", "properties": {"n": "Pulau Singkep", "k": "island", "lapisan": "islands"}, "geometry": {"type": "LineString", "coordinates": [[104.40207, -0.40776], [104.3926, -0.41007], [104.38967, -0.40881], [104.38839, -0.41228], [104.38529, -0.41336], [104.37923, -0.4083], [104.37929, -0.40606], [104.37483, -0.4038], [104.37227, -0.40685], [104.36302, -0.40794], [104.35398, -0.40162], [104.3542, -0.39896], [104.35012, -0.39595], [104.35129, -0.39358], [104.34737, -0.38693], [104.34679, -0.39252], [104.34222, -0.39243], [104.34077, -0.39491], [104.34387, -0.40735], [104.34629, -0.40958]]}}, {"type": "Feature", "properties": {"n": "Pulau Singkep", "k": "island", "lapisan": "islands"}, "geometry": {"type": "LineString", "coordinates": [[104.33464, -0.38958], [104.33771, -0.38851], [104.33435, -0.38029], [104.33689, -0.37838], [104.33467, -0.37545], [104.33425, -0.36833], [104.33061, -0.363], [104.3275, -0.36222], [104.32749, -0.35713], [104.33082, -0.35579], [104.32634, -0.34908], [104.32723, -0.34659], [104.32524, -0.34318], [104.32664, -0.34074], [104.32471, -0.3397], [104.32389, -0.34296], [104.32228, -0.3431], [104.32289, -0.34837], [104.31898, -0.35056], [104.32123, -0.35556], [104.32094, -0.36167], [104.31861, -0.37525], [104.3144, -0.37991], [104.31299, -0.38877], [104.30727, -0.39299], [104.29649, -0.39657]]}}, {"type": "Feature", "properties": {"n": "Pulau Singkep", "k": "island", "lapisan": "islands"}, "geometry": {"type": "LineString", "coordinates": [[104.27059, -0.4274], [104.26782, -0.42647], [104.26583, -0.42965], [104.26755, -0.42908], [104.26947, -0.43231], [104.26886, -0.44149], [104.26415, -0.44743], [104.26019, -0.44854], [104.26289, -0.44991], [104.26421, -0.45673], [104.25827, -0.45763], [104.26262, -0.46637]]}}, {"type": "Feature", "properties": {"n": "Pulau Singkep", "k": "island", "lapisan": "islands"}, "geometry": {"type": "LineString", "coordinates": [[104.26262, -0.46637], [104.25894, -0.46857], [104.26032, -0.47393], [104.25912, -0.47692], [104.25686, -0.47851], [104.2502, -0.4771], [104.24944, -0.4823], [104.25326, -0.48537], [104.25252, -0.48781], [104.24497, -0.48498], [104.24537, -0.48846], [104.25052, -0.48952], [104.25341, -0.49426], [104.26186, -0.49897], [104.27302, -0.51069], [104.27786, -0.51225], [104.28108, -0.51588]]}}, {"type": "Feature", "properties": {"n": "Pulau Singkep", "k": "island", "lapisan": "islands"}, "geometry": {"type": "LineString", "coordinates": [[104.28108, -0.51588], [104.29159, -0.52565], [104.2935, -0.53038], [104.29534, -0.52998], [104.29883, -0.53529], [104.30692, -0.5397], [104.30946, -0.54042], [104.31857, -0.53635], [104.31905, -0.53064]]}}]}